ISO-10303-21;
HEADER;
/* Generated by software containing ST-Developer
 * from STEP Tools, Inc. (www.steptools.com) 
 */
/* OPTION: using custom renumber hook */

FILE_DESCRIPTION(
/* description */ ('STEP AP242 Edition 2',
'CAx-IF Rec.Pracs.---Representation and Presentation of Product Manufa
cturing Information (PMI)---4.0---2014-10-13',
'CAx-IF Rec.Pracs.---3D Tessellated Geometry---0.4---2014-09-14','2;1',
'CAx-IF Rec.Pracs.---User Defined Attributes---1.5---2016-08-15'),
/* implementation_level */ '2;1');

FILE_NAME(
/* name */ 'Sheetmetal of Tank',
/* time_stamp */ '2026-05-15T12:46:37Z',
/* author */ (''),
/* organization */ (''),
/* preprocessor_version */ 'ST-DEVELOPER v20',
/* originating_system */ 'ONSHAPE BY PTC INC, 1.214',
/* authorisation */ '  ');

FILE_SCHEMA (('AP242_MANAGED_MODEL_BASED_3D_ENGINEERING_MIM_LF { 1 0 10303 442 3 1 4 }'));
ENDSEC;

DATA;
#10=CYLINDRICAL_SURFACE('',#2633,0.008);
#11=CYLINDRICAL_SURFACE('',#2634,0.005);
#12=CYLINDRICAL_SURFACE('',#2641,0.008);
#13=CYLINDRICAL_SURFACE('',#2642,0.005);
#14=CYLINDRICAL_SURFACE('',#2658,0.008);
#15=CYLINDRICAL_SURFACE('',#2659,0.005);
#16=CYLINDRICAL_SURFACE('',#2666,0.008);
#17=CYLINDRICAL_SURFACE('',#2667,0.005);
#18=CYLINDRICAL_SURFACE('',#2674,0.008);
#19=CYLINDRICAL_SURFACE('',#2675,0.005);
#20=CYLINDRICAL_SURFACE('',#2682,0.008);
#21=CYLINDRICAL_SURFACE('',#2683,0.005);
#22=CYLINDRICAL_SURFACE('',#2690,0.008);
#23=CYLINDRICAL_SURFACE('',#2691,0.005);
#24=CYLINDRICAL_SURFACE('',#2747,0.008);
#25=CYLINDRICAL_SURFACE('',#2748,0.005);
#26=CYLINDRICAL_SURFACE('',#2755,0.008);
#27=CYLINDRICAL_SURFACE('',#2756,0.005);
#28=CYLINDRICAL_SURFACE('',#2763,0.008);
#29=CYLINDRICAL_SURFACE('',#2764,0.005);
#30=CYLINDRICAL_SURFACE('',#2771,0.008);
#31=CYLINDRICAL_SURFACE('',#2772,0.005);
#32=CYLINDRICAL_SURFACE('',#2779,0.008);
#33=CYLINDRICAL_SURFACE('',#2780,0.005);
#34=CYLINDRICAL_SURFACE('',#2787,0.008);
#35=CYLINDRICAL_SURFACE('',#2788,0.005);
#36=CYLINDRICAL_SURFACE('',#2795,0.008);
#37=CYLINDRICAL_SURFACE('',#2796,0.005);
#38=CIRCLE('',#2628,0.005);
#39=CIRCLE('',#2629,0.008);
#40=CIRCLE('',#2631,0.005);
#41=CIRCLE('',#2632,0.008);
#42=CIRCLE('',#2636,0.005);
#43=CIRCLE('',#2637,0.008);
#44=CIRCLE('',#2639,0.005);
#45=CIRCLE('',#2640,0.008);
#46=CIRCLE('',#2653,0.005);
#47=CIRCLE('',#2654,0.008);
#48=CIRCLE('',#2656,0.005);
#49=CIRCLE('',#2657,0.008);
#50=CIRCLE('',#2661,0.005);
#51=CIRCLE('',#2662,0.008);
#52=CIRCLE('',#2664,0.005);
#53=CIRCLE('',#2665,0.008);
#54=CIRCLE('',#2669,0.005);
#55=CIRCLE('',#2670,0.008);
#56=CIRCLE('',#2672,0.005);
#57=CIRCLE('',#2673,0.008);
#58=CIRCLE('',#2677,0.005);
#59=CIRCLE('',#2678,0.008);
#60=CIRCLE('',#2680,0.005);
#61=CIRCLE('',#2681,0.008);
#62=CIRCLE('',#2685,0.005);
#63=CIRCLE('',#2686,0.008);
#64=CIRCLE('',#2688,0.005);
#65=CIRCLE('',#2689,0.008);
#66=CIRCLE('',#2742,0.005);
#67=CIRCLE('',#2743,0.008);
#68=CIRCLE('',#2745,0.005);
#69=CIRCLE('',#2746,0.008);
#70=CIRCLE('',#2750,0.005);
#71=CIRCLE('',#2751,0.008);
#72=CIRCLE('',#2753,0.005);
#73=CIRCLE('',#2754,0.008);
#74=CIRCLE('',#2758,0.005);
#75=CIRCLE('',#2759,0.008);
#76=CIRCLE('',#2761,0.005);
#77=CIRCLE('',#2762,0.008);
#78=CIRCLE('',#2766,0.005);
#79=CIRCLE('',#2767,0.008);
#80=CIRCLE('',#2769,0.005);
#81=CIRCLE('',#2770,0.008);
#82=CIRCLE('',#2774,0.005);
#83=CIRCLE('',#2775,0.008);
#84=CIRCLE('',#2777,0.005);
#85=CIRCLE('',#2778,0.008);
#86=CIRCLE('',#2782,0.005);
#87=CIRCLE('',#2783,0.008);
#88=CIRCLE('',#2785,0.005);
#89=CIRCLE('',#2786,0.008);
#90=CIRCLE('',#2790,0.005);
#91=CIRCLE('',#2791,0.008);
#92=CIRCLE('',#2793,0.005);
#93=CIRCLE('',#2794,0.008);
#94=ELLIPSE('',#2623,0.0818516897317861,0.055);
#95=ELLIPSE('',#2624,0.0818516897317861,0.055);
#96=ELLIPSE('',#2737,0.0908179710336337,0.055);
#97=ELLIPSE('',#2738,0.0908179710336337,0.055);
#98=B_SPLINE_SURFACE_WITH_KNOTS('',3,1,((#3781,#3782),(#3783,#3784),(#3785,
#3786),(#3787,#3788),(#3789,#3790),(#3791,#3792),(#3793,#3794),(#3795,#3796),
(#3797,#3798),(#3799,#3800),(#3801,#3802)),.SURF_OF_LINEAR_EXTRUSION.,.F.,
 .F.,.F.,(4,1,1,1,1,1,1,1,4),(2,2),(0.280585029908836,0.694544505027785,
1.10850398014673,1.52246345526568,1.93642293038463,2.35038240550358,2.76434188062253,
3.17830135574148,3.59226083086043),(0.,1.),.UNSPECIFIED.);
#99=B_SPLINE_SURFACE_WITH_KNOTS('',3,1,((#4189,#4190),(#4191,#4192),(#4193,
#4194),(#4195,#4196),(#4197,#4198),(#4199,#4200),(#4201,#4202),(#4203,#4204),
(#4205,#4206),(#4207,#4208),(#4209,#4210)),.SURF_OF_LINEAR_EXTRUSION.,.F.,
 .F.,.F.,(4,1,1,1,1,1,1,1,4),(2,2),(2.59792620476477,2.95885164159632,3.31977707842787,
3.68070251525943,4.04162795209098,4.40255338892253,4.76347882575408,5.12440426258564,
5.48532969941719),(0.,1.),.UNSPECIFIED.);
#100=SHAPE_REPRESENTATION_RELATIONSHIP('','',#2573,#103);
#101=SHAPE_REPRESENTATION_RELATIONSHIP('','',#2574,#104);
#102=SHAPE_REPRESENTATION_RELATIONSHIP('','',#2575,#105);
#103=ADVANCED_BREP_SHAPE_REPRESENTATION('',(#2567),#4283);
#104=ADVANCED_BREP_SHAPE_REPRESENTATION('',(#2568),#4284);
#105=ADVANCED_BREP_SHAPE_REPRESENTATION('',(#2569),#4285);
#106=ORIENTED_EDGE('',*,*,#806,.F.);
#107=ORIENTED_EDGE('',*,*,#807,.F.);
#108=ORIENTED_EDGE('',*,*,#808,.T.);
#109=ORIENTED_EDGE('',*,*,#809,.T.);
#110=ORIENTED_EDGE('',*,*,#808,.F.);
#111=ORIENTED_EDGE('',*,*,#810,.F.);
#112=ORIENTED_EDGE('',*,*,#811,.T.);
#113=ORIENTED_EDGE('',*,*,#812,.T.);
#114=ORIENTED_EDGE('',*,*,#811,.F.);
#115=ORIENTED_EDGE('',*,*,#813,.F.);
#116=ORIENTED_EDGE('',*,*,#814,.T.);
#117=ORIENTED_EDGE('',*,*,#815,.T.);
#118=ORIENTED_EDGE('',*,*,#814,.F.);
#119=ORIENTED_EDGE('',*,*,#816,.F.);
#120=ORIENTED_EDGE('',*,*,#817,.T.);
#121=ORIENTED_EDGE('',*,*,#818,.T.);
#122=ORIENTED_EDGE('',*,*,#817,.F.);
#123=ORIENTED_EDGE('',*,*,#819,.F.);
#124=ORIENTED_EDGE('',*,*,#820,.T.);
#125=ORIENTED_EDGE('',*,*,#821,.T.);
#126=ORIENTED_EDGE('',*,*,#820,.F.);
#127=ORIENTED_EDGE('',*,*,#822,.F.);
#128=ORIENTED_EDGE('',*,*,#823,.T.);
#129=ORIENTED_EDGE('',*,*,#824,.T.);
#130=ORIENTED_EDGE('',*,*,#823,.F.);
#131=ORIENTED_EDGE('',*,*,#825,.F.);
#132=ORIENTED_EDGE('',*,*,#826,.T.);
#133=ORIENTED_EDGE('',*,*,#827,.T.);
#134=ORIENTED_EDGE('',*,*,#828,.F.);
#135=ORIENTED_EDGE('',*,*,#806,.T.);
#136=ORIENTED_EDGE('',*,*,#829,.T.);
#137=ORIENTED_EDGE('',*,*,#826,.F.);
#138=ORIENTED_EDGE('',*,*,#827,.F.);
#139=ORIENTED_EDGE('',*,*,#829,.F.);
#140=ORIENTED_EDGE('',*,*,#809,.F.);
#141=ORIENTED_EDGE('',*,*,#812,.F.);
#142=ORIENTED_EDGE('',*,*,#815,.F.);
#143=ORIENTED_EDGE('',*,*,#818,.F.);
#144=ORIENTED_EDGE('',*,*,#821,.F.);
#145=ORIENTED_EDGE('',*,*,#824,.F.);
#146=ORIENTED_EDGE('',*,*,#825,.T.);
#147=ORIENTED_EDGE('',*,*,#822,.T.);
#148=ORIENTED_EDGE('',*,*,#819,.T.);
#149=ORIENTED_EDGE('',*,*,#816,.T.);
#150=ORIENTED_EDGE('',*,*,#813,.T.);
#151=ORIENTED_EDGE('',*,*,#810,.T.);
#152=ORIENTED_EDGE('',*,*,#807,.T.);
#153=ORIENTED_EDGE('',*,*,#828,.T.);
#154=ORIENTED_EDGE('',*,*,#830,.F.);
#155=ORIENTED_EDGE('',*,*,#831,.T.);
#156=ORIENTED_EDGE('',*,*,#832,.T.);
#157=ORIENTED_EDGE('',*,*,#833,.F.);
#158=ORIENTED_EDGE('',*,*,#834,.F.);
#159=ORIENTED_EDGE('',*,*,#835,.F.);
#160=ORIENTED_EDGE('',*,*,#836,.T.);
#161=ORIENTED_EDGE('',*,*,#837,.T.);
#162=ORIENTED_EDGE('',*,*,#836,.F.);
#163=ORIENTED_EDGE('',*,*,#838,.T.);
#164=ORIENTED_EDGE('',*,*,#839,.T.);
#165=ORIENTED_EDGE('',*,*,#840,.F.);
#166=ORIENTED_EDGE('',*,*,#839,.F.);
#167=ORIENTED_EDGE('',*,*,#841,.T.);
#168=ORIENTED_EDGE('',*,*,#833,.T.);
#169=ORIENTED_EDGE('',*,*,#842,.F.);
#170=ORIENTED_EDGE('',*,*,#843,.F.);
#171=ORIENTED_EDGE('',*,*,#844,.F.);
#172=ORIENTED_EDGE('',*,*,#834,.T.);
#173=ORIENTED_EDGE('',*,*,#845,.T.);
#174=ORIENTED_EDGE('',*,*,#842,.T.);
#175=ORIENTED_EDGE('',*,*,#832,.F.);
#176=ORIENTED_EDGE('',*,*,#846,.F.);
#177=ORIENTED_EDGE('',*,*,#845,.F.);
#178=ORIENTED_EDGE('',*,*,#837,.F.);
#179=ORIENTED_EDGE('',*,*,#840,.T.);
#180=ORIENTED_EDGE('',*,*,#841,.F.);
#181=ORIENTED_EDGE('',*,*,#838,.F.);
#182=ORIENTED_EDGE('',*,*,#835,.T.);
#183=ORIENTED_EDGE('',*,*,#844,.T.);
#184=ORIENTED_EDGE('',*,*,#847,.T.);
#185=ORIENTED_EDGE('',*,*,#830,.T.);
#186=ORIENTED_EDGE('',*,*,#848,.F.);
#187=ORIENTED_EDGE('',*,*,#849,.T.);
#188=ORIENTED_EDGE('',*,*,#850,.T.);
#189=ORIENTED_EDGE('',*,*,#851,.F.);
#190=ORIENTED_EDGE('',*,*,#852,.F.);
#191=ORIENTED_EDGE('',*,*,#853,.T.);
#192=ORIENTED_EDGE('',*,*,#854,.T.);
#193=ORIENTED_EDGE('',*,*,#855,.F.);
#194=ORIENTED_EDGE('',*,*,#854,.F.);
#195=ORIENTED_EDGE('',*,*,#856,.T.);
#196=ORIENTED_EDGE('',*,*,#851,.T.);
#197=ORIENTED_EDGE('',*,*,#857,.F.);
#198=ORIENTED_EDGE('',*,*,#858,.F.);
#199=ORIENTED_EDGE('',*,*,#859,.F.);
#200=ORIENTED_EDGE('',*,*,#860,.T.);
#201=ORIENTED_EDGE('',*,*,#861,.T.);
#202=ORIENTED_EDGE('',*,*,#862,.F.);
#203=ORIENTED_EDGE('',*,*,#852,.T.);
#204=ORIENTED_EDGE('',*,*,#863,.T.);
#205=ORIENTED_EDGE('',*,*,#860,.F.);
#206=ORIENTED_EDGE('',*,*,#861,.F.);
#207=ORIENTED_EDGE('',*,*,#863,.F.);
#208=ORIENTED_EDGE('',*,*,#855,.T.);
#209=ORIENTED_EDGE('',*,*,#857,.T.);
#210=ORIENTED_EDGE('',*,*,#850,.F.);
#211=ORIENTED_EDGE('',*,*,#864,.F.);
#212=ORIENTED_EDGE('',*,*,#859,.T.);
#213=ORIENTED_EDGE('',*,*,#865,.T.);
#214=ORIENTED_EDGE('',*,*,#848,.T.);
#215=ORIENTED_EDGE('',*,*,#856,.F.);
#216=ORIENTED_EDGE('',*,*,#853,.F.);
#217=ORIENTED_EDGE('',*,*,#862,.T.);
#218=ORIENTED_EDGE('',*,*,#866,.F.);
#219=ORIENTED_EDGE('',*,*,#867,.T.);
#220=ORIENTED_EDGE('',*,*,#868,.T.);
#221=ORIENTED_EDGE('',*,*,#869,.F.);
#222=ORIENTED_EDGE('',*,*,#870,.F.);
#223=ORIENTED_EDGE('',*,*,#871,.F.);
#224=ORIENTED_EDGE('',*,*,#872,.T.);
#225=ORIENTED_EDGE('',*,*,#873,.T.);
#226=ORIENTED_EDGE('',*,*,#872,.F.);
#227=ORIENTED_EDGE('',*,*,#874,.T.);
#228=ORIENTED_EDGE('',*,*,#875,.T.);
#229=ORIENTED_EDGE('',*,*,#876,.F.);
#230=ORIENTED_EDGE('',*,*,#875,.F.);
#231=ORIENTED_EDGE('',*,*,#877,.T.);
#232=ORIENTED_EDGE('',*,*,#869,.T.);
#233=ORIENTED_EDGE('',*,*,#878,.F.);
#234=ORIENTED_EDGE('',*,*,#879,.F.);
#235=ORIENTED_EDGE('',*,*,#880,.F.);
#236=ORIENTED_EDGE('',*,*,#870,.T.);
#237=ORIENTED_EDGE('',*,*,#881,.T.);
#238=ORIENTED_EDGE('',*,*,#878,.T.);
#239=ORIENTED_EDGE('',*,*,#868,.F.);
#240=ORIENTED_EDGE('',*,*,#882,.F.);
#241=ORIENTED_EDGE('',*,*,#881,.F.);
#242=ORIENTED_EDGE('',*,*,#873,.F.);
#243=ORIENTED_EDGE('',*,*,#876,.T.);
#244=ORIENTED_EDGE('',*,*,#877,.F.);
#245=ORIENTED_EDGE('',*,*,#874,.F.);
#246=ORIENTED_EDGE('',*,*,#871,.T.);
#247=ORIENTED_EDGE('',*,*,#880,.T.);
#248=ORIENTED_EDGE('',*,*,#883,.T.);
#249=ORIENTED_EDGE('',*,*,#866,.T.);
#250=ORIENTED_EDGE('',*,*,#884,.F.);
#251=ORIENTED_EDGE('',*,*,#885,.T.);
#252=ORIENTED_EDGE('',*,*,#886,.T.);
#253=ORIENTED_EDGE('',*,*,#887,.F.);
#254=ORIENTED_EDGE('',*,*,#888,.F.);
#255=ORIENTED_EDGE('',*,*,#889,.F.);
#256=ORIENTED_EDGE('',*,*,#890,.T.);
#257=ORIENTED_EDGE('',*,*,#891,.T.);
#258=ORIENTED_EDGE('',*,*,#890,.F.);
#259=ORIENTED_EDGE('',*,*,#892,.T.);
#260=ORIENTED_EDGE('',*,*,#893,.T.);
#261=ORIENTED_EDGE('',*,*,#894,.F.);
#262=ORIENTED_EDGE('',*,*,#893,.F.);
#263=ORIENTED_EDGE('',*,*,#895,.T.);
#264=ORIENTED_EDGE('',*,*,#887,.T.);
#265=ORIENTED_EDGE('',*,*,#896,.F.);
#266=ORIENTED_EDGE('',*,*,#896,.T.);
#267=ORIENTED_EDGE('',*,*,#886,.F.);
#268=ORIENTED_EDGE('',*,*,#897,.F.);
#269=ORIENTED_EDGE('',*,*,#891,.F.);
#270=ORIENTED_EDGE('',*,*,#894,.T.);
#271=ORIENTED_EDGE('',*,*,#895,.F.);
#272=ORIENTED_EDGE('',*,*,#892,.F.);
#273=ORIENTED_EDGE('',*,*,#889,.T.);
#274=ORIENTED_EDGE('',*,*,#898,.T.);
#275=ORIENTED_EDGE('',*,*,#884,.T.);
#276=ORIENTED_EDGE('',*,*,#899,.F.);
#277=ORIENTED_EDGE('',*,*,#900,.F.);
#278=ORIENTED_EDGE('',*,*,#901,.T.);
#279=ORIENTED_EDGE('',*,*,#902,.T.);
#280=ORIENTED_EDGE('',*,*,#903,.F.);
#281=ORIENTED_EDGE('',*,*,#904,.T.);
#282=ORIENTED_EDGE('',*,*,#905,.T.);
#283=ORIENTED_EDGE('',*,*,#906,.F.);
#284=ORIENTED_EDGE('',*,*,#907,.T.);
#285=ORIENTED_EDGE('',*,*,#908,.F.);
#286=ORIENTED_EDGE('',*,*,#902,.F.);
#287=ORIENTED_EDGE('',*,*,#909,.T.);
#288=ORIENTED_EDGE('',*,*,#906,.T.);
#289=ORIENTED_EDGE('',*,*,#910,.F.);
#290=ORIENTED_EDGE('',*,*,#904,.F.);
#291=ORIENTED_EDGE('',*,*,#911,.F.);
#292=ORIENTED_EDGE('',*,*,#900,.T.);
#293=ORIENTED_EDGE('',*,*,#912,.T.);
#294=ORIENTED_EDGE('',*,*,#913,.T.);
#295=ORIENTED_EDGE('',*,*,#914,.T.);
#296=ORIENTED_EDGE('',*,*,#915,.F.);
#297=ORIENTED_EDGE('',*,*,#916,.F.);
#298=ORIENTED_EDGE('',*,*,#917,.F.);
#299=ORIENTED_EDGE('',*,*,#918,.T.);
#300=ORIENTED_EDGE('',*,*,#916,.T.);
#301=ORIENTED_EDGE('',*,*,#919,.F.);
#302=ORIENTED_EDGE('',*,*,#920,.F.);
#303=ORIENTED_EDGE('',*,*,#921,.F.);
#304=ORIENTED_EDGE('',*,*,#922,.T.);
#305=ORIENTED_EDGE('',*,*,#923,.T.);
#306=ORIENTED_EDGE('',*,*,#922,.F.);
#307=ORIENTED_EDGE('',*,*,#924,.T.);
#308=ORIENTED_EDGE('',*,*,#925,.T.);
#309=ORIENTED_EDGE('',*,*,#926,.F.);
#310=ORIENTED_EDGE('',*,*,#927,.T.);
#311=ORIENTED_EDGE('',*,*,#917,.T.);
#312=ORIENTED_EDGE('',*,*,#928,.F.);
#313=ORIENTED_EDGE('',*,*,#925,.F.);
#314=ORIENTED_EDGE('',*,*,#926,.T.);
#315=ORIENTED_EDGE('',*,*,#928,.T.);
#316=ORIENTED_EDGE('',*,*,#919,.T.);
#317=ORIENTED_EDGE('',*,*,#915,.T.);
#318=ORIENTED_EDGE('',*,*,#929,.T.);
#319=ORIENTED_EDGE('',*,*,#930,.F.);
#320=ORIENTED_EDGE('',*,*,#923,.F.);
#321=ORIENTED_EDGE('',*,*,#924,.F.);
#322=ORIENTED_EDGE('',*,*,#921,.T.);
#323=ORIENTED_EDGE('',*,*,#931,.T.);
#324=ORIENTED_EDGE('',*,*,#932,.F.);
#325=ORIENTED_EDGE('',*,*,#913,.F.);
#326=ORIENTED_EDGE('',*,*,#918,.F.);
#327=ORIENTED_EDGE('',*,*,#927,.F.);
#328=ORIENTED_EDGE('',*,*,#885,.F.);
#329=ORIENTED_EDGE('',*,*,#933,.F.);
#330=ORIENTED_EDGE('',*,*,#934,.T.);
#331=ORIENTED_EDGE('',*,*,#935,.T.);
#332=ORIENTED_EDGE('',*,*,#914,.F.);
#333=ORIENTED_EDGE('',*,*,#936,.T.);
#334=ORIENTED_EDGE('',*,*,#888,.T.);
#335=ORIENTED_EDGE('',*,*,#937,.F.);
#336=ORIENTED_EDGE('',*,*,#937,.T.);
#337=ORIENTED_EDGE('',*,*,#897,.T.);
#338=ORIENTED_EDGE('',*,*,#935,.F.);
#339=ORIENTED_EDGE('',*,*,#929,.F.);
#340=ORIENTED_EDGE('',*,*,#936,.F.);
#341=ORIENTED_EDGE('',*,*,#932,.T.);
#342=ORIENTED_EDGE('',*,*,#933,.T.);
#343=ORIENTED_EDGE('',*,*,#898,.F.);
#344=ORIENTED_EDGE('',*,*,#934,.F.);
#345=ORIENTED_EDGE('',*,*,#938,.F.);
#346=ORIENTED_EDGE('',*,*,#903,.T.);
#347=ORIENTED_EDGE('',*,*,#939,.T.);
#348=ORIENTED_EDGE('',*,*,#901,.F.);
#349=ORIENTED_EDGE('',*,*,#940,.T.);
#350=ORIENTED_EDGE('',*,*,#920,.T.);
#351=ORIENTED_EDGE('',*,*,#941,.F.);
#352=ORIENTED_EDGE('',*,*,#941,.T.);
#353=ORIENTED_EDGE('',*,*,#930,.T.);
#354=ORIENTED_EDGE('',*,*,#939,.F.);
#355=ORIENTED_EDGE('',*,*,#909,.F.);
#356=ORIENTED_EDGE('',*,*,#940,.F.);
#357=ORIENTED_EDGE('',*,*,#911,.T.);
#358=ORIENTED_EDGE('',*,*,#938,.T.);
#359=ORIENTED_EDGE('',*,*,#931,.F.);
#360=ORIENTED_EDGE('',*,*,#942,.F.);
#361=ORIENTED_EDGE('',*,*,#943,.F.);
#362=ORIENTED_EDGE('',*,*,#944,.T.);
#363=ORIENTED_EDGE('',*,*,#945,.T.);
#364=ORIENTED_EDGE('',*,*,#946,.F.);
#365=ORIENTED_EDGE('',*,*,#947,.T.);
#366=ORIENTED_EDGE('',*,*,#948,.T.);
#367=ORIENTED_EDGE('',*,*,#949,.F.);
#368=ORIENTED_EDGE('',*,*,#950,.T.);
#369=ORIENTED_EDGE('',*,*,#951,.F.);
#370=ORIENTED_EDGE('',*,*,#945,.F.);
#371=ORIENTED_EDGE('',*,*,#952,.T.);
#372=ORIENTED_EDGE('',*,*,#949,.T.);
#373=ORIENTED_EDGE('',*,*,#953,.F.);
#374=ORIENTED_EDGE('',*,*,#947,.F.);
#375=ORIENTED_EDGE('',*,*,#954,.F.);
#376=ORIENTED_EDGE('',*,*,#943,.T.);
#377=ORIENTED_EDGE('',*,*,#955,.T.);
#378=ORIENTED_EDGE('',*,*,#956,.F.);
#379=ORIENTED_EDGE('',*,*,#957,.F.);
#380=ORIENTED_EDGE('',*,*,#958,.T.);
#381=ORIENTED_EDGE('',*,*,#959,.T.);
#382=ORIENTED_EDGE('',*,*,#960,.F.);
#383=ORIENTED_EDGE('',*,*,#961,.T.);
#384=ORIENTED_EDGE('',*,*,#962,.T.);
#385=ORIENTED_EDGE('',*,*,#963,.F.);
#386=ORIENTED_EDGE('',*,*,#964,.F.);
#387=ORIENTED_EDGE('',*,*,#956,.T.);
#388=ORIENTED_EDGE('',*,*,#965,.T.);
#389=ORIENTED_EDGE('',*,*,#966,.F.);
#390=ORIENTED_EDGE('',*,*,#967,.T.);
#391=ORIENTED_EDGE('',*,*,#965,.F.);
#392=ORIENTED_EDGE('',*,*,#959,.F.);
#393=ORIENTED_EDGE('',*,*,#968,.T.);
#394=ORIENTED_EDGE('',*,*,#963,.T.);
#395=ORIENTED_EDGE('',*,*,#969,.F.);
#396=ORIENTED_EDGE('',*,*,#961,.F.);
#397=ORIENTED_EDGE('',*,*,#970,.F.);
#398=ORIENTED_EDGE('',*,*,#957,.T.);
#399=ORIENTED_EDGE('',*,*,#964,.T.);
#400=ORIENTED_EDGE('',*,*,#867,.F.);
#401=ORIENTED_EDGE('',*,*,#971,.F.);
#402=ORIENTED_EDGE('',*,*,#966,.T.);
#403=ORIENTED_EDGE('',*,*,#972,.T.);
#404=ORIENTED_EDGE('',*,*,#962,.F.);
#405=ORIENTED_EDGE('',*,*,#973,.T.);
#406=ORIENTED_EDGE('',*,*,#879,.T.);
#407=ORIENTED_EDGE('',*,*,#974,.F.);
#408=ORIENTED_EDGE('',*,*,#974,.T.);
#409=ORIENTED_EDGE('',*,*,#882,.T.);
#410=ORIENTED_EDGE('',*,*,#972,.F.);
#411=ORIENTED_EDGE('',*,*,#967,.F.);
#412=ORIENTED_EDGE('',*,*,#973,.F.);
#413=ORIENTED_EDGE('',*,*,#969,.T.);
#414=ORIENTED_EDGE('',*,*,#971,.T.);
#415=ORIENTED_EDGE('',*,*,#883,.F.);
#416=ORIENTED_EDGE('',*,*,#975,.F.);
#417=ORIENTED_EDGE('',*,*,#976,.F.);
#418=ORIENTED_EDGE('',*,*,#960,.T.);
#419=ORIENTED_EDGE('',*,*,#977,.T.);
#420=ORIENTED_EDGE('',*,*,#958,.F.);
#421=ORIENTED_EDGE('',*,*,#978,.T.);
#422=ORIENTED_EDGE('',*,*,#942,.T.);
#423=ORIENTED_EDGE('',*,*,#979,.F.);
#424=ORIENTED_EDGE('',*,*,#979,.T.);
#425=ORIENTED_EDGE('',*,*,#951,.T.);
#426=ORIENTED_EDGE('',*,*,#977,.F.);
#427=ORIENTED_EDGE('',*,*,#968,.F.);
#428=ORIENTED_EDGE('',*,*,#978,.F.);
#429=ORIENTED_EDGE('',*,*,#970,.T.);
#430=ORIENTED_EDGE('',*,*,#976,.T.);
#431=ORIENTED_EDGE('',*,*,#955,.F.);
#432=ORIENTED_EDGE('',*,*,#831,.F.);
#433=ORIENTED_EDGE('',*,*,#980,.F.);
#434=ORIENTED_EDGE('',*,*,#975,.T.);
#435=ORIENTED_EDGE('',*,*,#981,.T.);
#436=ORIENTED_EDGE('',*,*,#948,.F.);
#437=ORIENTED_EDGE('',*,*,#982,.T.);
#438=ORIENTED_EDGE('',*,*,#843,.T.);
#439=ORIENTED_EDGE('',*,*,#983,.F.);
#440=ORIENTED_EDGE('',*,*,#983,.T.);
#441=ORIENTED_EDGE('',*,*,#846,.T.);
#442=ORIENTED_EDGE('',*,*,#981,.F.);
#443=ORIENTED_EDGE('',*,*,#950,.F.);
#444=ORIENTED_EDGE('',*,*,#982,.F.);
#445=ORIENTED_EDGE('',*,*,#953,.T.);
#446=ORIENTED_EDGE('',*,*,#980,.T.);
#447=ORIENTED_EDGE('',*,*,#847,.F.);
#448=ORIENTED_EDGE('',*,*,#984,.F.);
#449=ORIENTED_EDGE('',*,*,#985,.F.);
#450=ORIENTED_EDGE('',*,*,#946,.T.);
#451=ORIENTED_EDGE('',*,*,#986,.T.);
#452=ORIENTED_EDGE('',*,*,#944,.F.);
#453=ORIENTED_EDGE('',*,*,#987,.T.);
#454=ORIENTED_EDGE('',*,*,#899,.T.);
#455=ORIENTED_EDGE('',*,*,#988,.F.);
#456=ORIENTED_EDGE('',*,*,#988,.T.);
#457=ORIENTED_EDGE('',*,*,#908,.T.);
#458=ORIENTED_EDGE('',*,*,#986,.F.);
#459=ORIENTED_EDGE('',*,*,#952,.F.);
#460=ORIENTED_EDGE('',*,*,#987,.F.);
#461=ORIENTED_EDGE('',*,*,#954,.T.);
#462=ORIENTED_EDGE('',*,*,#985,.T.);
#463=ORIENTED_EDGE('',*,*,#912,.F.);
#464=ORIENTED_EDGE('',*,*,#849,.F.);
#465=ORIENTED_EDGE('',*,*,#989,.F.);
#466=ORIENTED_EDGE('',*,*,#984,.T.);
#467=ORIENTED_EDGE('',*,*,#990,.T.);
#468=ORIENTED_EDGE('',*,*,#905,.F.);
#469=ORIENTED_EDGE('',*,*,#991,.T.);
#470=ORIENTED_EDGE('',*,*,#858,.T.);
#471=ORIENTED_EDGE('',*,*,#992,.F.);
#472=ORIENTED_EDGE('',*,*,#992,.T.);
#473=ORIENTED_EDGE('',*,*,#864,.T.);
#474=ORIENTED_EDGE('',*,*,#990,.F.);
#475=ORIENTED_EDGE('',*,*,#907,.F.);
#476=ORIENTED_EDGE('',*,*,#991,.F.);
#477=ORIENTED_EDGE('',*,*,#910,.T.);
#478=ORIENTED_EDGE('',*,*,#989,.T.);
#479=ORIENTED_EDGE('',*,*,#865,.F.);
#480=ORIENTED_EDGE('',*,*,#993,.F.);
#481=ORIENTED_EDGE('',*,*,#994,.T.);
#482=ORIENTED_EDGE('',*,*,#995,.T.);
#483=ORIENTED_EDGE('',*,*,#996,.F.);
#484=ORIENTED_EDGE('',*,*,#997,.F.);
#485=ORIENTED_EDGE('',*,*,#998,.F.);
#486=ORIENTED_EDGE('',*,*,#999,.T.);
#487=ORIENTED_EDGE('',*,*,#1000,.T.);
#488=ORIENTED_EDGE('',*,*,#999,.F.);
#489=ORIENTED_EDGE('',*,*,#1001,.T.);
#490=ORIENTED_EDGE('',*,*,#1002,.T.);
#491=ORIENTED_EDGE('',*,*,#1003,.F.);
#492=ORIENTED_EDGE('',*,*,#1002,.F.);
#493=ORIENTED_EDGE('',*,*,#1004,.T.);
#494=ORIENTED_EDGE('',*,*,#996,.T.);
#495=ORIENTED_EDGE('',*,*,#1005,.F.);
#496=ORIENTED_EDGE('',*,*,#1005,.T.);
#497=ORIENTED_EDGE('',*,*,#995,.F.);
#498=ORIENTED_EDGE('',*,*,#1006,.F.);
#499=ORIENTED_EDGE('',*,*,#1000,.F.);
#500=ORIENTED_EDGE('',*,*,#1003,.T.);
#501=ORIENTED_EDGE('',*,*,#1004,.F.);
#502=ORIENTED_EDGE('',*,*,#1001,.F.);
#503=ORIENTED_EDGE('',*,*,#998,.T.);
#504=ORIENTED_EDGE('',*,*,#1007,.T.);
#505=ORIENTED_EDGE('',*,*,#993,.T.);
#506=ORIENTED_EDGE('',*,*,#1008,.F.);
#507=ORIENTED_EDGE('',*,*,#1009,.T.);
#508=ORIENTED_EDGE('',*,*,#1010,.T.);
#509=ORIENTED_EDGE('',*,*,#1011,.F.);
#510=ORIENTED_EDGE('',*,*,#1012,.F.);
#511=ORIENTED_EDGE('',*,*,#1013,.F.);
#512=ORIENTED_EDGE('',*,*,#1014,.T.);
#513=ORIENTED_EDGE('',*,*,#1015,.T.);
#514=ORIENTED_EDGE('',*,*,#1014,.F.);
#515=ORIENTED_EDGE('',*,*,#1016,.T.);
#516=ORIENTED_EDGE('',*,*,#1017,.T.);
#517=ORIENTED_EDGE('',*,*,#1018,.F.);
#518=ORIENTED_EDGE('',*,*,#1017,.F.);
#519=ORIENTED_EDGE('',*,*,#1019,.T.);
#520=ORIENTED_EDGE('',*,*,#1011,.T.);
#521=ORIENTED_EDGE('',*,*,#1020,.F.);
#522=ORIENTED_EDGE('',*,*,#1021,.F.);
#523=ORIENTED_EDGE('',*,*,#1022,.F.);
#524=ORIENTED_EDGE('',*,*,#1012,.T.);
#525=ORIENTED_EDGE('',*,*,#1023,.T.);
#526=ORIENTED_EDGE('',*,*,#1020,.T.);
#527=ORIENTED_EDGE('',*,*,#1010,.F.);
#528=ORIENTED_EDGE('',*,*,#1024,.F.);
#529=ORIENTED_EDGE('',*,*,#1023,.F.);
#530=ORIENTED_EDGE('',*,*,#1015,.F.);
#531=ORIENTED_EDGE('',*,*,#1018,.T.);
#532=ORIENTED_EDGE('',*,*,#1019,.F.);
#533=ORIENTED_EDGE('',*,*,#1016,.F.);
#534=ORIENTED_EDGE('',*,*,#1013,.T.);
#535=ORIENTED_EDGE('',*,*,#1022,.T.);
#536=ORIENTED_EDGE('',*,*,#1025,.T.);
#537=ORIENTED_EDGE('',*,*,#1008,.T.);
#538=ORIENTED_EDGE('',*,*,#1026,.F.);
#539=ORIENTED_EDGE('',*,*,#1027,.T.);
#540=ORIENTED_EDGE('',*,*,#1028,.T.);
#541=ORIENTED_EDGE('',*,*,#1029,.F.);
#542=ORIENTED_EDGE('',*,*,#1030,.F.);
#543=ORIENTED_EDGE('',*,*,#1031,.F.);
#544=ORIENTED_EDGE('',*,*,#1032,.T.);
#545=ORIENTED_EDGE('',*,*,#1033,.T.);
#546=ORIENTED_EDGE('',*,*,#1032,.F.);
#547=ORIENTED_EDGE('',*,*,#1034,.T.);
#548=ORIENTED_EDGE('',*,*,#1035,.T.);
#549=ORIENTED_EDGE('',*,*,#1036,.F.);
#550=ORIENTED_EDGE('',*,*,#1035,.F.);
#551=ORIENTED_EDGE('',*,*,#1037,.T.);
#552=ORIENTED_EDGE('',*,*,#1029,.T.);
#553=ORIENTED_EDGE('',*,*,#1038,.F.);
#554=ORIENTED_EDGE('',*,*,#1039,.F.);
#555=ORIENTED_EDGE('',*,*,#1040,.F.);
#556=ORIENTED_EDGE('',*,*,#1030,.T.);
#557=ORIENTED_EDGE('',*,*,#1041,.T.);
#558=ORIENTED_EDGE('',*,*,#1038,.T.);
#559=ORIENTED_EDGE('',*,*,#1028,.F.);
#560=ORIENTED_EDGE('',*,*,#1042,.F.);
#561=ORIENTED_EDGE('',*,*,#1041,.F.);
#562=ORIENTED_EDGE('',*,*,#1033,.F.);
#563=ORIENTED_EDGE('',*,*,#1036,.T.);
#564=ORIENTED_EDGE('',*,*,#1037,.F.);
#565=ORIENTED_EDGE('',*,*,#1034,.F.);
#566=ORIENTED_EDGE('',*,*,#1031,.T.);
#567=ORIENTED_EDGE('',*,*,#1040,.T.);
#568=ORIENTED_EDGE('',*,*,#1043,.T.);
#569=ORIENTED_EDGE('',*,*,#1026,.T.);
#570=ORIENTED_EDGE('',*,*,#1044,.F.);
#571=ORIENTED_EDGE('',*,*,#1045,.F.);
#572=ORIENTED_EDGE('',*,*,#1046,.T.);
#573=ORIENTED_EDGE('',*,*,#1047,.T.);
#574=ORIENTED_EDGE('',*,*,#1046,.F.);
#575=ORIENTED_EDGE('',*,*,#1048,.T.);
#576=ORIENTED_EDGE('',*,*,#1049,.T.);
#577=ORIENTED_EDGE('',*,*,#1050,.F.);
#578=ORIENTED_EDGE('',*,*,#1049,.F.);
#579=ORIENTED_EDGE('',*,*,#1051,.T.);
#580=ORIENTED_EDGE('',*,*,#1052,.T.);
#581=ORIENTED_EDGE('',*,*,#1053,.F.);
#582=ORIENTED_EDGE('',*,*,#1054,.F.);
#583=ORIENTED_EDGE('',*,*,#1055,.F.);
#584=ORIENTED_EDGE('',*,*,#1044,.T.);
#585=ORIENTED_EDGE('',*,*,#1056,.T.);
#586=ORIENTED_EDGE('',*,*,#1053,.T.);
#587=ORIENTED_EDGE('',*,*,#1057,.F.);
#588=ORIENTED_EDGE('',*,*,#1056,.F.);
#589=ORIENTED_EDGE('',*,*,#1047,.F.);
#590=ORIENTED_EDGE('',*,*,#1050,.T.);
#591=ORIENTED_EDGE('',*,*,#1051,.F.);
#592=ORIENTED_EDGE('',*,*,#1048,.F.);
#593=ORIENTED_EDGE('',*,*,#1045,.T.);
#594=ORIENTED_EDGE('',*,*,#1055,.T.);
#595=ORIENTED_EDGE('',*,*,#1058,.T.);
#596=ORIENTED_EDGE('',*,*,#1059,.T.);
#597=ORIENTED_EDGE('',*,*,#1060,.T.);
#598=ORIENTED_EDGE('',*,*,#1061,.F.);
#599=ORIENTED_EDGE('',*,*,#1062,.F.);
#600=ORIENTED_EDGE('',*,*,#1063,.F.);
#601=ORIENTED_EDGE('',*,*,#1064,.T.);
#602=ORIENTED_EDGE('',*,*,#1065,.T.);
#603=ORIENTED_EDGE('',*,*,#1066,.F.);
#604=ORIENTED_EDGE('',*,*,#1067,.F.);
#605=ORIENTED_EDGE('',*,*,#1068,.F.);
#606=ORIENTED_EDGE('',*,*,#1069,.T.);
#607=ORIENTED_EDGE('',*,*,#1070,.T.);
#608=ORIENTED_EDGE('',*,*,#1069,.F.);
#609=ORIENTED_EDGE('',*,*,#1071,.T.);
#610=ORIENTED_EDGE('',*,*,#1062,.T.);
#611=ORIENTED_EDGE('',*,*,#1072,.F.);
#612=ORIENTED_EDGE('',*,*,#1061,.T.);
#613=ORIENTED_EDGE('',*,*,#1073,.T.);
#614=ORIENTED_EDGE('',*,*,#1065,.F.);
#615=ORIENTED_EDGE('',*,*,#1074,.F.);
#616=ORIENTED_EDGE('',*,*,#1070,.F.);
#617=ORIENTED_EDGE('',*,*,#1072,.T.);
#618=ORIENTED_EDGE('',*,*,#1059,.F.);
#619=ORIENTED_EDGE('',*,*,#1071,.F.);
#620=ORIENTED_EDGE('',*,*,#1068,.T.);
#621=ORIENTED_EDGE('',*,*,#1075,.T.);
#622=ORIENTED_EDGE('',*,*,#1063,.T.);
#623=ORIENTED_EDGE('',*,*,#1076,.F.);
#624=ORIENTED_EDGE('',*,*,#1077,.F.);
#625=ORIENTED_EDGE('',*,*,#1078,.T.);
#626=ORIENTED_EDGE('',*,*,#1079,.T.);
#627=ORIENTED_EDGE('',*,*,#1080,.F.);
#628=ORIENTED_EDGE('',*,*,#1081,.F.);
#629=ORIENTED_EDGE('',*,*,#1082,.F.);
#630=ORIENTED_EDGE('',*,*,#1083,.T.);
#631=ORIENTED_EDGE('',*,*,#1084,.T.);
#632=ORIENTED_EDGE('',*,*,#1085,.T.);
#633=ORIENTED_EDGE('',*,*,#1079,.F.);
#634=ORIENTED_EDGE('',*,*,#1086,.F.);
#635=ORIENTED_EDGE('',*,*,#1084,.F.);
#636=ORIENTED_EDGE('',*,*,#1087,.T.);
#637=ORIENTED_EDGE('',*,*,#1088,.F.);
#638=ORIENTED_EDGE('',*,*,#1089,.F.);
#639=ORIENTED_EDGE('',*,*,#1082,.T.);
#640=ORIENTED_EDGE('',*,*,#1090,.T.);
#641=ORIENTED_EDGE('',*,*,#1077,.T.);
#642=ORIENTED_EDGE('',*,*,#1091,.F.);
#643=ORIENTED_EDGE('',*,*,#1092,.T.);
#644=ORIENTED_EDGE('',*,*,#1093,.T.);
#645=ORIENTED_EDGE('',*,*,#1094,.F.);
#646=ORIENTED_EDGE('',*,*,#1095,.F.);
#647=ORIENTED_EDGE('',*,*,#1096,.F.);
#648=ORIENTED_EDGE('',*,*,#1097,.T.);
#649=ORIENTED_EDGE('',*,*,#1098,.T.);
#650=ORIENTED_EDGE('',*,*,#1099,.T.);
#651=ORIENTED_EDGE('',*,*,#1093,.F.);
#652=ORIENTED_EDGE('',*,*,#1100,.F.);
#653=ORIENTED_EDGE('',*,*,#1098,.F.);
#654=ORIENTED_EDGE('',*,*,#1101,.T.);
#655=ORIENTED_EDGE('',*,*,#1102,.F.);
#656=ORIENTED_EDGE('',*,*,#1103,.F.);
#657=ORIENTED_EDGE('',*,*,#1096,.T.);
#658=ORIENTED_EDGE('',*,*,#1104,.T.);
#659=ORIENTED_EDGE('',*,*,#1091,.T.);
#660=ORIENTED_EDGE('',*,*,#1105,.F.);
#661=ORIENTED_EDGE('',*,*,#1106,.F.);
#662=ORIENTED_EDGE('',*,*,#1107,.T.);
#663=ORIENTED_EDGE('',*,*,#1108,.T.);
#664=ORIENTED_EDGE('',*,*,#1107,.F.);
#665=ORIENTED_EDGE('',*,*,#1109,.F.);
#666=ORIENTED_EDGE('',*,*,#1110,.T.);
#667=ORIENTED_EDGE('',*,*,#1111,.T.);
#668=ORIENTED_EDGE('',*,*,#1112,.F.);
#669=ORIENTED_EDGE('',*,*,#1113,.T.);
#670=ORIENTED_EDGE('',*,*,#1114,.T.);
#671=ORIENTED_EDGE('',*,*,#1115,.F.);
#672=ORIENTED_EDGE('',*,*,#1114,.F.);
#673=ORIENTED_EDGE('',*,*,#1116,.F.);
#674=ORIENTED_EDGE('',*,*,#1117,.T.);
#675=ORIENTED_EDGE('',*,*,#1118,.T.);
#676=ORIENTED_EDGE('',*,*,#1119,.T.);
#677=ORIENTED_EDGE('',*,*,#1105,.T.);
#678=ORIENTED_EDGE('',*,*,#1120,.F.);
#679=ORIENTED_EDGE('',*,*,#1117,.F.);
#680=ORIENTED_EDGE('',*,*,#1118,.F.);
#681=ORIENTED_EDGE('',*,*,#1120,.T.);
#682=ORIENTED_EDGE('',*,*,#1108,.F.);
#683=ORIENTED_EDGE('',*,*,#1111,.F.);
#684=ORIENTED_EDGE('',*,*,#1121,.T.);
#685=ORIENTED_EDGE('',*,*,#1122,.T.);
#686=ORIENTED_EDGE('',*,*,#1115,.T.);
#687=ORIENTED_EDGE('',*,*,#1116,.T.);
#688=ORIENTED_EDGE('',*,*,#1113,.F.);
#689=ORIENTED_EDGE('',*,*,#1123,.F.);
#690=ORIENTED_EDGE('',*,*,#1124,.F.);
#691=ORIENTED_EDGE('',*,*,#1109,.T.);
#692=ORIENTED_EDGE('',*,*,#1106,.T.);
#693=ORIENTED_EDGE('',*,*,#1119,.F.);
#694=ORIENTED_EDGE('',*,*,#1052,.F.);
#695=ORIENTED_EDGE('',*,*,#1125,.F.);
#696=ORIENTED_EDGE('',*,*,#1112,.T.);
#697=ORIENTED_EDGE('',*,*,#1126,.T.);
#698=ORIENTED_EDGE('',*,*,#1127,.F.);
#699=ORIENTED_EDGE('',*,*,#1128,.T.);
#700=ORIENTED_EDGE('',*,*,#1054,.T.);
#701=ORIENTED_EDGE('',*,*,#1129,.F.);
#702=ORIENTED_EDGE('',*,*,#1129,.T.);
#703=ORIENTED_EDGE('',*,*,#1057,.T.);
#704=ORIENTED_EDGE('',*,*,#1126,.F.);
#705=ORIENTED_EDGE('',*,*,#1122,.F.);
#706=ORIENTED_EDGE('',*,*,#1128,.F.);
#707=ORIENTED_EDGE('',*,*,#1123,.T.);
#708=ORIENTED_EDGE('',*,*,#1125,.T.);
#709=ORIENTED_EDGE('',*,*,#1058,.F.);
#710=ORIENTED_EDGE('',*,*,#1092,.F.);
#711=ORIENTED_EDGE('',*,*,#1130,.F.);
#712=ORIENTED_EDGE('',*,*,#1127,.T.);
#713=ORIENTED_EDGE('',*,*,#1131,.T.);
#714=ORIENTED_EDGE('',*,*,#1110,.F.);
#715=ORIENTED_EDGE('',*,*,#1132,.T.);
#716=ORIENTED_EDGE('',*,*,#1095,.T.);
#717=ORIENTED_EDGE('',*,*,#1133,.F.);
#718=ORIENTED_EDGE('',*,*,#1133,.T.);
#719=ORIENTED_EDGE('',*,*,#1100,.T.);
#720=ORIENTED_EDGE('',*,*,#1131,.F.);
#721=ORIENTED_EDGE('',*,*,#1121,.F.);
#722=ORIENTED_EDGE('',*,*,#1132,.F.);
#723=ORIENTED_EDGE('',*,*,#1124,.T.);
#724=ORIENTED_EDGE('',*,*,#1130,.T.);
#725=ORIENTED_EDGE('',*,*,#1104,.F.);
#726=ORIENTED_EDGE('',*,*,#1027,.F.);
#727=ORIENTED_EDGE('',*,*,#1134,.F.);
#728=ORIENTED_EDGE('',*,*,#1094,.T.);
#729=ORIENTED_EDGE('',*,*,#1135,.T.);
#730=ORIENTED_EDGE('',*,*,#1136,.F.);
#731=ORIENTED_EDGE('',*,*,#1137,.T.);
#732=ORIENTED_EDGE('',*,*,#1039,.T.);
#733=ORIENTED_EDGE('',*,*,#1138,.F.);
#734=ORIENTED_EDGE('',*,*,#1138,.T.);
#735=ORIENTED_EDGE('',*,*,#1042,.T.);
#736=ORIENTED_EDGE('',*,*,#1135,.F.);
#737=ORIENTED_EDGE('',*,*,#1099,.F.);
#738=ORIENTED_EDGE('',*,*,#1137,.F.);
#739=ORIENTED_EDGE('',*,*,#1102,.T.);
#740=ORIENTED_EDGE('',*,*,#1134,.T.);
#741=ORIENTED_EDGE('',*,*,#1043,.F.);
#742=ORIENTED_EDGE('',*,*,#1078,.F.);
#743=ORIENTED_EDGE('',*,*,#1139,.F.);
#744=ORIENTED_EDGE('',*,*,#1136,.T.);
#745=ORIENTED_EDGE('',*,*,#1140,.T.);
#746=ORIENTED_EDGE('',*,*,#1097,.F.);
#747=ORIENTED_EDGE('',*,*,#1141,.T.);
#748=ORIENTED_EDGE('',*,*,#1081,.T.);
#749=ORIENTED_EDGE('',*,*,#1142,.F.);
#750=ORIENTED_EDGE('',*,*,#1142,.T.);
#751=ORIENTED_EDGE('',*,*,#1086,.T.);
#752=ORIENTED_EDGE('',*,*,#1140,.F.);
#753=ORIENTED_EDGE('',*,*,#1101,.F.);
#754=ORIENTED_EDGE('',*,*,#1141,.F.);
#755=ORIENTED_EDGE('',*,*,#1103,.T.);
#756=ORIENTED_EDGE('',*,*,#1139,.T.);
#757=ORIENTED_EDGE('',*,*,#1090,.F.);
#758=ORIENTED_EDGE('',*,*,#1009,.F.);
#759=ORIENTED_EDGE('',*,*,#1143,.F.);
#760=ORIENTED_EDGE('',*,*,#1080,.T.);
#761=ORIENTED_EDGE('',*,*,#1144,.T.);
#762=ORIENTED_EDGE('',*,*,#1145,.F.);
#763=ORIENTED_EDGE('',*,*,#1146,.T.);
#764=ORIENTED_EDGE('',*,*,#1021,.T.);
#765=ORIENTED_EDGE('',*,*,#1147,.F.);
#766=ORIENTED_EDGE('',*,*,#1147,.T.);
#767=ORIENTED_EDGE('',*,*,#1024,.T.);
#768=ORIENTED_EDGE('',*,*,#1144,.F.);
#769=ORIENTED_EDGE('',*,*,#1085,.F.);
#770=ORIENTED_EDGE('',*,*,#1146,.F.);
#771=ORIENTED_EDGE('',*,*,#1088,.T.);
#772=ORIENTED_EDGE('',*,*,#1143,.T.);
#773=ORIENTED_EDGE('',*,*,#1025,.F.);
#774=ORIENTED_EDGE('',*,*,#1064,.F.);
#775=ORIENTED_EDGE('',*,*,#1148,.F.);
#776=ORIENTED_EDGE('',*,*,#1145,.T.);
#777=ORIENTED_EDGE('',*,*,#1149,.T.);
#778=ORIENTED_EDGE('',*,*,#1083,.F.);
#779=ORIENTED_EDGE('',*,*,#1150,.T.);
#780=ORIENTED_EDGE('',*,*,#1067,.T.);
#781=ORIENTED_EDGE('',*,*,#1151,.F.);
#782=ORIENTED_EDGE('',*,*,#1151,.T.);
#783=ORIENTED_EDGE('',*,*,#1074,.T.);
#784=ORIENTED_EDGE('',*,*,#1149,.F.);
#785=ORIENTED_EDGE('',*,*,#1087,.F.);
#786=ORIENTED_EDGE('',*,*,#1150,.F.);
#787=ORIENTED_EDGE('',*,*,#1089,.T.);
#788=ORIENTED_EDGE('',*,*,#1148,.T.);
#789=ORIENTED_EDGE('',*,*,#1075,.F.);
#790=ORIENTED_EDGE('',*,*,#994,.F.);
#791=ORIENTED_EDGE('',*,*,#1152,.F.);
#792=ORIENTED_EDGE('',*,*,#1066,.T.);
#793=ORIENTED_EDGE('',*,*,#1153,.T.);
#794=ORIENTED_EDGE('',*,*,#1060,.F.);
#795=ORIENTED_EDGE('',*,*,#1154,.T.);
#796=ORIENTED_EDGE('',*,*,#997,.T.);
#797=ORIENTED_EDGE('',*,*,#1155,.F.);
#798=ORIENTED_EDGE('',*,*,#1155,.T.);
#799=ORIENTED_EDGE('',*,*,#1006,.T.);
#800=ORIENTED_EDGE('',*,*,#1153,.F.);
#801=ORIENTED_EDGE('',*,*,#1073,.F.);
#802=ORIENTED_EDGE('',*,*,#1154,.F.);
#803=ORIENTED_EDGE('',*,*,#1076,.T.);
#804=ORIENTED_EDGE('',*,*,#1152,.T.);
#805=ORIENTED_EDGE('',*,*,#1007,.F.);
#806=EDGE_CURVE('',#1156,#1157,#1352,.T.);
#807=EDGE_CURVE('',#1158,#1156,#1353,.T.);
#808=EDGE_CURVE('',#1158,#1159,#1354,.T.);
#809=EDGE_CURVE('',#1159,#1157,#1355,.T.);
#810=EDGE_CURVE('',#1160,#1158,#1356,.T.);
#811=EDGE_CURVE('',#1160,#1161,#1357,.T.);
#812=EDGE_CURVE('',#1161,#1159,#1358,.T.);
#813=EDGE_CURVE('',#1162,#1160,#1359,.T.);
#814=EDGE_CURVE('',#1162,#1163,#1360,.T.);
#815=EDGE_CURVE('',#1163,#1161,#1361,.T.);
#816=EDGE_CURVE('',#1164,#1162,#1362,.T.);
#817=EDGE_CURVE('',#1164,#1165,#1363,.T.);
#818=EDGE_CURVE('',#1165,#1163,#1364,.T.);
#819=EDGE_CURVE('',#1166,#1164,#1365,.T.);
#820=EDGE_CURVE('',#1166,#1167,#1366,.T.);
#821=EDGE_CURVE('',#1167,#1165,#1367,.T.);
#822=EDGE_CURVE('',#1168,#1166,#1368,.T.);
#823=EDGE_CURVE('',#1168,#1169,#1369,.T.);
#824=EDGE_CURVE('',#1169,#1167,#1370,.T.);
#825=EDGE_CURVE('',#1170,#1168,#1371,.T.);
#826=EDGE_CURVE('',#1170,#1171,#1372,.T.);
#827=EDGE_CURVE('',#1171,#1169,#1373,.T.);
#828=EDGE_CURVE('',#1156,#1170,#1374,.T.);
#829=EDGE_CURVE('',#1157,#1171,#1375,.T.);
#830=EDGE_CURVE('',#1172,#1173,#1376,.F.);
#831=EDGE_CURVE('',#1172,#1174,#1377,.T.);
#832=EDGE_CURVE('',#1174,#1175,#1378,.F.);
#833=EDGE_CURVE('',#1173,#1175,#1379,.F.);
#834=EDGE_CURVE('',#1176,#1177,#1380,.T.);
#835=EDGE_CURVE('',#1178,#1176,#1381,.F.);
#836=EDGE_CURVE('',#1178,#1179,#1382,.F.);
#837=EDGE_CURVE('',#1179,#1177,#1383,.F.);
#838=EDGE_CURVE('',#1178,#1180,#1384,.T.);
#839=EDGE_CURVE('',#1180,#1181,#1385,.T.);
#840=EDGE_CURVE('',#1179,#1181,#1386,.T.);
#841=EDGE_CURVE('',#1180,#1173,#1387,.T.);
#842=EDGE_CURVE('',#1181,#1175,#1388,.T.);
#843=EDGE_CURVE('',#1182,#1183,#1389,.T.);
#844=EDGE_CURVE('',#1176,#1182,#1390,.F.);
#845=EDGE_CURVE('',#1177,#1183,#1391,.F.);
#846=EDGE_CURVE('',#1183,#1174,#1392,.T.);
#847=EDGE_CURVE('',#1182,#1172,#1393,.T.);
#848=EDGE_CURVE('',#1184,#1185,#1394,.F.);
#849=EDGE_CURVE('',#1184,#1186,#1395,.T.);
#850=EDGE_CURVE('',#1186,#1187,#1396,.F.);
#851=EDGE_CURVE('',#1185,#1187,#1397,.F.);
#852=EDGE_CURVE('',#1188,#1189,#1398,.F.);
#853=EDGE_CURVE('',#1188,#1190,#1399,.T.);
#854=EDGE_CURVE('',#1190,#1191,#1400,.T.);
#855=EDGE_CURVE('',#1189,#1191,#1401,.T.);
#856=EDGE_CURVE('',#1190,#1185,#1402,.T.);
#857=EDGE_CURVE('',#1191,#1187,#1403,.T.);
#858=EDGE_CURVE('',#1192,#1193,#1404,.T.);
#859=EDGE_CURVE('',#1194,#1192,#1405,.F.);
#860=EDGE_CURVE('',#1194,#1195,#1406,.T.);
#861=EDGE_CURVE('',#1195,#1193,#1407,.F.);
#862=EDGE_CURVE('',#1188,#1194,#1408,.F.);
#863=EDGE_CURVE('',#1189,#1195,#1409,.F.);
#864=EDGE_CURVE('',#1193,#1186,#1410,.T.);
#865=EDGE_CURVE('',#1192,#1184,#1411,.T.);
#866=EDGE_CURVE('',#1196,#1197,#1412,.F.);
#867=EDGE_CURVE('',#1196,#1198,#1413,.T.);
#868=EDGE_CURVE('',#1198,#1199,#1414,.F.);
#869=EDGE_CURVE('',#1197,#1199,#1415,.F.);
#870=EDGE_CURVE('',#1200,#1201,#1416,.T.);
#871=EDGE_CURVE('',#1202,#1200,#1417,.F.);
#872=EDGE_CURVE('',#1202,#1203,#1418,.F.);
#873=EDGE_CURVE('',#1203,#1201,#1419,.F.);
#874=EDGE_CURVE('',#1202,#1204,#1420,.T.);
#875=EDGE_CURVE('',#1204,#1205,#1421,.T.);
#876=EDGE_CURVE('',#1203,#1205,#1422,.T.);
#877=EDGE_CURVE('',#1204,#1197,#1423,.T.);
#878=EDGE_CURVE('',#1205,#1199,#1424,.T.);
#879=EDGE_CURVE('',#1206,#1207,#1425,.T.);
#880=EDGE_CURVE('',#1200,#1206,#1426,.F.);
#881=EDGE_CURVE('',#1201,#1207,#1427,.F.);
#882=EDGE_CURVE('',#1207,#1198,#1428,.T.);
#883=EDGE_CURVE('',#1206,#1196,#1429,.T.);
#884=EDGE_CURVE('',#1208,#1209,#1430,.F.);
#885=EDGE_CURVE('',#1208,#1210,#1431,.T.);
#886=EDGE_CURVE('',#1210,#1211,#1432,.F.);
#887=EDGE_CURVE('',#1209,#1211,#1433,.F.);
#888=EDGE_CURVE('',#1212,#1213,#1434,.T.);
#889=EDGE_CURVE('',#1214,#1212,#1435,.F.);
#890=EDGE_CURVE('',#1214,#1215,#1436,.F.);
#891=EDGE_CURVE('',#1215,#1213,#1437,.F.);
#892=EDGE_CURVE('',#1214,#1216,#1438,.T.);
#893=EDGE_CURVE('',#1216,#1217,#1439,.T.);
#894=EDGE_CURVE('',#1215,#1217,#1440,.T.);
#895=EDGE_CURVE('',#1216,#1209,#1441,.T.);
#896=EDGE_CURVE('',#1217,#1211,#1442,.T.);
#897=EDGE_CURVE('',#1213,#1210,#1443,.F.);
#898=EDGE_CURVE('',#1212,#1208,#1444,.F.);
#899=EDGE_CURVE('',#1218,#1219,#1445,.T.);
#900=EDGE_CURVE('',#1220,#1218,#1446,.F.);
#901=EDGE_CURVE('',#1220,#1221,#1447,.F.);
#902=EDGE_CURVE('',#1221,#1219,#1448,.T.);
#903=EDGE_CURVE('',#1222,#1223,#1449,.T.);
#904=EDGE_CURVE('',#1222,#1224,#1450,.F.);
#905=EDGE_CURVE('',#1224,#1225,#1451,.T.);
#906=EDGE_CURVE('',#1223,#1225,#1452,.F.);
#907=EDGE_CURVE('',#1225,#1226,#1453,.F.);
#908=EDGE_CURVE('',#1219,#1226,#1454,.T.);
#909=EDGE_CURVE('',#1221,#1223,#1455,.F.);
#910=EDGE_CURVE('',#1224,#1227,#1456,.F.);
#911=EDGE_CURVE('',#1220,#1222,#1457,.F.);
#912=EDGE_CURVE('',#1218,#1227,#1458,.T.);
#913=EDGE_CURVE('',#1228,#1229,#1459,.F.);
#914=EDGE_CURVE('',#1229,#1230,#1460,.T.);
#915=EDGE_CURVE('',#1231,#1230,#1461,.F.);
#916=EDGE_CURVE('',#1228,#1231,#1462,.T.);
#917=EDGE_CURVE('',#1232,#1233,#1463,.F.);
#918=EDGE_CURVE('',#1232,#1228,#1464,.F.);
#919=EDGE_CURVE('',#1233,#1231,#1465,.F.);
#920=EDGE_CURVE('',#1234,#1235,#1466,.T.);
#921=EDGE_CURVE('',#1236,#1234,#1467,.T.);
#922=EDGE_CURVE('',#1236,#1237,#1468,.F.);
#923=EDGE_CURVE('',#1237,#1235,#1469,.T.);
#924=EDGE_CURVE('',#1236,#1238,#1470,.F.);
#925=EDGE_CURVE('',#1238,#1239,#1471,.F.);
#926=EDGE_CURVE('',#1237,#1239,#1472,.F.);
#927=EDGE_CURVE('',#1238,#1232,#94,.T.);
#928=EDGE_CURVE('',#1239,#1233,#95,.T.);
#929=EDGE_CURVE('',#1230,#1240,#1473,.T.);
#930=EDGE_CURVE('',#1235,#1240,#1474,.T.);
#931=EDGE_CURVE('',#1234,#1241,#1475,.T.);
#932=EDGE_CURVE('',#1229,#1241,#1476,.T.);
#933=EDGE_CURVE('',#1241,#1208,#38,.T.);
#934=EDGE_CURVE('',#1241,#1240,#1477,.F.);
#935=EDGE_CURVE('',#1240,#1210,#39,.T.);
#936=EDGE_CURVE('',#1229,#1212,#40,.T.);
#937=EDGE_CURVE('',#1230,#1213,#41,.T.);
#938=EDGE_CURVE('',#1222,#1241,#42,.T.);
#939=EDGE_CURVE('',#1223,#1240,#43,.T.);
#940=EDGE_CURVE('',#1220,#1234,#44,.T.);
#941=EDGE_CURVE('',#1221,#1235,#45,.T.);
#942=EDGE_CURVE('',#1242,#1243,#1478,.T.);
#943=EDGE_CURVE('',#1244,#1242,#1479,.F.);
#944=EDGE_CURVE('',#1244,#1245,#1480,.F.);
#945=EDGE_CURVE('',#1245,#1243,#1481,.T.);
#946=EDGE_CURVE('',#1246,#1247,#1482,.T.);
#947=EDGE_CURVE('',#1246,#1248,#1483,.F.);
#948=EDGE_CURVE('',#1248,#1249,#1484,.T.);
#949=EDGE_CURVE('',#1247,#1249,#1485,.F.);
#950=EDGE_CURVE('',#1249,#1250,#1486,.F.);
#951=EDGE_CURVE('',#1243,#1250,#1487,.T.);
#952=EDGE_CURVE('',#1245,#1247,#1488,.F.);
#953=EDGE_CURVE('',#1248,#1251,#1489,.F.);
#954=EDGE_CURVE('',#1244,#1246,#1490,.F.);
#955=EDGE_CURVE('',#1242,#1251,#1491,.T.);
#956=EDGE_CURVE('',#1252,#1253,#1492,.T.);
#957=EDGE_CURVE('',#1254,#1252,#1493,.F.);
#958=EDGE_CURVE('',#1254,#1255,#1494,.F.);
#959=EDGE_CURVE('',#1255,#1253,#1495,.T.);
#960=EDGE_CURVE('',#1256,#1257,#1496,.T.);
#961=EDGE_CURVE('',#1256,#1258,#1497,.F.);
#962=EDGE_CURVE('',#1258,#1259,#1498,.T.);
#963=EDGE_CURVE('',#1257,#1259,#1499,.F.);
#964=EDGE_CURVE('',#1252,#1260,#1500,.T.);
#965=EDGE_CURVE('',#1253,#1261,#1501,.T.);
#966=EDGE_CURVE('',#1260,#1261,#1502,.F.);
#967=EDGE_CURVE('',#1259,#1261,#1503,.F.);
#968=EDGE_CURVE('',#1255,#1257,#1504,.F.);
#969=EDGE_CURVE('',#1258,#1260,#1505,.F.);
#970=EDGE_CURVE('',#1254,#1256,#1506,.F.);
#971=EDGE_CURVE('',#1260,#1196,#46,.T.);
#972=EDGE_CURVE('',#1261,#1198,#47,.T.);
#973=EDGE_CURVE('',#1258,#1206,#48,.T.);
#974=EDGE_CURVE('',#1259,#1207,#49,.T.);
#975=EDGE_CURVE('',#1251,#1250,#1507,.F.);
#976=EDGE_CURVE('',#1256,#1251,#50,.T.);
#977=EDGE_CURVE('',#1257,#1250,#51,.T.);
#978=EDGE_CURVE('',#1254,#1242,#52,.T.);
#979=EDGE_CURVE('',#1255,#1243,#53,.T.);
#980=EDGE_CURVE('',#1251,#1172,#54,.T.);
#981=EDGE_CURVE('',#1250,#1174,#55,.T.);
#982=EDGE_CURVE('',#1248,#1182,#56,.T.);
#983=EDGE_CURVE('',#1249,#1183,#57,.T.);
#984=EDGE_CURVE('',#1227,#1226,#1508,.F.);
#985=EDGE_CURVE('',#1246,#1227,#58,.T.);
#986=EDGE_CURVE('',#1247,#1226,#59,.T.);
#987=EDGE_CURVE('',#1244,#1218,#60,.T.);
#988=EDGE_CURVE('',#1245,#1219,#61,.T.);
#989=EDGE_CURVE('',#1227,#1184,#62,.T.);
#990=EDGE_CURVE('',#1226,#1186,#63,.T.);
#991=EDGE_CURVE('',#1224,#1192,#64,.T.);
#992=EDGE_CURVE('',#1225,#1193,#65,.T.);
#993=EDGE_CURVE('',#1262,#1263,#1509,.F.);
#994=EDGE_CURVE('',#1262,#1264,#1510,.T.);
#995=EDGE_CURVE('',#1264,#1265,#1511,.F.);
#996=EDGE_CURVE('',#1263,#1265,#1512,.F.);
#997=EDGE_CURVE('',#1266,#1267,#1513,.T.);
#998=EDGE_CURVE('',#1268,#1266,#1514,.F.);
#999=EDGE_CURVE('',#1268,#1269,#1515,.F.);
#1000=EDGE_CURVE('',#1269,#1267,#1516,.F.);
#1001=EDGE_CURVE('',#1268,#1270,#1517,.T.);
#1002=EDGE_CURVE('',#1270,#1271,#1518,.T.);
#1003=EDGE_CURVE('',#1269,#1271,#1519,.T.);
#1004=EDGE_CURVE('',#1270,#1263,#1520,.T.);
#1005=EDGE_CURVE('',#1271,#1265,#1521,.T.);
#1006=EDGE_CURVE('',#1267,#1264,#1522,.F.);
#1007=EDGE_CURVE('',#1266,#1262,#1523,.F.);
#1008=EDGE_CURVE('',#1272,#1273,#1524,.F.);
#1009=EDGE_CURVE('',#1272,#1274,#1525,.T.);
#1010=EDGE_CURVE('',#1274,#1275,#1526,.F.);
#1011=EDGE_CURVE('',#1273,#1275,#1527,.F.);
#1012=EDGE_CURVE('',#1276,#1277,#1528,.T.);
#1013=EDGE_CURVE('',#1278,#1276,#1529,.F.);
#1014=EDGE_CURVE('',#1278,#1279,#1530,.F.);
#1015=EDGE_CURVE('',#1279,#1277,#1531,.F.);
#1016=EDGE_CURVE('',#1278,#1280,#1532,.T.);
#1017=EDGE_CURVE('',#1280,#1281,#1533,.T.);
#1018=EDGE_CURVE('',#1279,#1281,#1534,.T.);
#1019=EDGE_CURVE('',#1280,#1273,#1535,.T.);
#1020=EDGE_CURVE('',#1281,#1275,#1536,.T.);
#1021=EDGE_CURVE('',#1282,#1283,#1537,.T.);
#1022=EDGE_CURVE('',#1276,#1282,#1538,.F.);
#1023=EDGE_CURVE('',#1277,#1283,#1539,.F.);
#1024=EDGE_CURVE('',#1283,#1274,#1540,.T.);
#1025=EDGE_CURVE('',#1282,#1272,#1541,.T.);
#1026=EDGE_CURVE('',#1284,#1285,#1542,.F.);
#1027=EDGE_CURVE('',#1284,#1286,#1543,.T.);
#1028=EDGE_CURVE('',#1286,#1287,#1544,.F.);
#1029=EDGE_CURVE('',#1285,#1287,#1545,.F.);
#1030=EDGE_CURVE('',#1288,#1289,#1546,.T.);
#1031=EDGE_CURVE('',#1290,#1288,#1547,.F.);
#1032=EDGE_CURVE('',#1290,#1291,#1548,.F.);
#1033=EDGE_CURVE('',#1291,#1289,#1549,.F.);
#1034=EDGE_CURVE('',#1290,#1292,#1550,.T.);
#1035=EDGE_CURVE('',#1292,#1293,#1551,.T.);
#1036=EDGE_CURVE('',#1291,#1293,#1552,.T.);
#1037=EDGE_CURVE('',#1292,#1285,#1553,.T.);
#1038=EDGE_CURVE('',#1293,#1287,#1554,.T.);
#1039=EDGE_CURVE('',#1294,#1295,#1555,.T.);
#1040=EDGE_CURVE('',#1288,#1294,#1556,.F.);
#1041=EDGE_CURVE('',#1289,#1295,#1557,.F.);
#1042=EDGE_CURVE('',#1295,#1286,#1558,.T.);
#1043=EDGE_CURVE('',#1294,#1284,#1559,.T.);
#1044=EDGE_CURVE('',#1296,#1297,#1560,.T.);
#1045=EDGE_CURVE('',#1298,#1296,#1561,.F.);
#1046=EDGE_CURVE('',#1298,#1299,#1562,.F.);
#1047=EDGE_CURVE('',#1299,#1297,#1563,.F.);
#1048=EDGE_CURVE('',#1298,#1300,#1564,.T.);
#1049=EDGE_CURVE('',#1300,#1301,#1565,.T.);
#1050=EDGE_CURVE('',#1299,#1301,#1566,.T.);
#1051=EDGE_CURVE('',#1300,#1302,#1567,.T.);
#1052=EDGE_CURVE('',#1302,#1303,#1568,.F.);
#1053=EDGE_CURVE('',#1301,#1303,#1569,.T.);
#1054=EDGE_CURVE('',#1304,#1305,#1570,.T.);
#1055=EDGE_CURVE('',#1296,#1304,#1571,.F.);
#1056=EDGE_CURVE('',#1297,#1305,#1572,.F.);
#1057=EDGE_CURVE('',#1305,#1303,#1573,.T.);
#1058=EDGE_CURVE('',#1304,#1302,#1574,.T.);
#1059=EDGE_CURVE('',#1306,#1307,#1575,.F.);
#1060=EDGE_CURVE('',#1307,#1308,#1576,.T.);
#1061=EDGE_CURVE('',#1309,#1308,#1577,.F.);
#1062=EDGE_CURVE('',#1306,#1309,#1578,.T.);
#1063=EDGE_CURVE('',#1310,#1311,#1579,.T.);
#1064=EDGE_CURVE('',#1310,#1312,#1580,.T.);
#1065=EDGE_CURVE('',#1312,#1313,#1581,.T.);
#1066=EDGE_CURVE('',#1311,#1313,#1582,.F.);
#1067=EDGE_CURVE('',#1314,#1315,#1583,.T.);
#1068=EDGE_CURVE('',#1316,#1314,#1584,.F.);
#1069=EDGE_CURVE('',#1316,#1317,#1585,.F.);
#1070=EDGE_CURVE('',#1317,#1315,#1586,.T.);
#1071=EDGE_CURVE('',#1316,#1306,#1587,.F.);
#1072=EDGE_CURVE('',#1317,#1309,#1588,.F.);
#1073=EDGE_CURVE('',#1308,#1313,#1589,.T.);
#1074=EDGE_CURVE('',#1315,#1312,#1590,.T.);
#1075=EDGE_CURVE('',#1314,#1310,#1591,.T.);
#1076=EDGE_CURVE('',#1307,#1311,#1592,.T.);
#1077=EDGE_CURVE('',#1318,#1319,#1593,.T.);
#1078=EDGE_CURVE('',#1318,#1320,#1594,.T.);
#1079=EDGE_CURVE('',#1320,#1321,#1595,.T.);
#1080=EDGE_CURVE('',#1319,#1321,#1596,.F.);
#1081=EDGE_CURVE('',#1322,#1323,#1597,.T.);
#1082=EDGE_CURVE('',#1324,#1322,#1598,.F.);
#1083=EDGE_CURVE('',#1324,#1325,#1599,.F.);
#1084=EDGE_CURVE('',#1325,#1323,#1600,.T.);
#1085=EDGE_CURVE('',#1326,#1321,#1601,.F.);
#1086=EDGE_CURVE('',#1323,#1320,#1602,.T.);
#1087=EDGE_CURVE('',#1325,#1326,#1603,.F.);
#1088=EDGE_CURVE('',#1327,#1319,#1604,.F.);
#1089=EDGE_CURVE('',#1324,#1327,#1605,.F.);
#1090=EDGE_CURVE('',#1322,#1318,#1606,.T.);
#1091=EDGE_CURVE('',#1328,#1329,#1607,.T.);
#1092=EDGE_CURVE('',#1328,#1330,#1608,.T.);
#1093=EDGE_CURVE('',#1330,#1331,#1609,.T.);
#1094=EDGE_CURVE('',#1329,#1331,#1610,.F.);
#1095=EDGE_CURVE('',#1332,#1333,#1611,.T.);
#1096=EDGE_CURVE('',#1334,#1332,#1612,.F.);
#1097=EDGE_CURVE('',#1334,#1335,#1613,.F.);
#1098=EDGE_CURVE('',#1335,#1333,#1614,.T.);
#1099=EDGE_CURVE('',#1336,#1331,#1615,.F.);
#1100=EDGE_CURVE('',#1333,#1330,#1616,.T.);
#1101=EDGE_CURVE('',#1335,#1336,#1617,.F.);
#1102=EDGE_CURVE('',#1337,#1329,#1618,.F.);
#1103=EDGE_CURVE('',#1334,#1337,#1619,.F.);
#1104=EDGE_CURVE('',#1332,#1328,#1620,.T.);
#1105=EDGE_CURVE('',#1338,#1339,#1621,.F.);
#1106=EDGE_CURVE('',#1340,#1338,#1622,.T.);
#1107=EDGE_CURVE('',#1340,#1341,#1623,.T.);
#1108=EDGE_CURVE('',#1341,#1339,#1624,.T.);
#1109=EDGE_CURVE('',#1342,#1340,#1625,.F.);
#1110=EDGE_CURVE('',#1342,#1343,#1626,.F.);
#1111=EDGE_CURVE('',#1343,#1341,#1627,.T.);
#1112=EDGE_CURVE('',#1344,#1345,#1628,.T.);
#1113=EDGE_CURVE('',#1344,#1346,#1629,.F.);
#1114=EDGE_CURVE('',#1346,#1347,#1630,.F.);
#1115=EDGE_CURVE('',#1345,#1347,#1631,.F.);
#1116=EDGE_CURVE('',#1348,#1346,#1632,.T.);
#1117=EDGE_CURVE('',#1348,#1349,#1633,.F.);
#1118=EDGE_CURVE('',#1349,#1347,#1634,.T.);
#1119=EDGE_CURVE('',#1348,#1338,#96,.T.);
#1120=EDGE_CURVE('',#1349,#1339,#97,.T.);
#1121=EDGE_CURVE('',#1343,#1350,#1635,.F.);
#1122=EDGE_CURVE('',#1350,#1345,#1636,.F.);
#1123=EDGE_CURVE('',#1351,#1344,#1637,.F.);
#1124=EDGE_CURVE('',#1342,#1351,#1638,.F.);
#1125=EDGE_CURVE('',#1344,#1302,#66,.T.);
#1126=EDGE_CURVE('',#1345,#1303,#67,.T.);
#1127=EDGE_CURVE('',#1351,#1350,#1639,.T.);
#1128=EDGE_CURVE('',#1351,#1304,#68,.T.);
#1129=EDGE_CURVE('',#1350,#1305,#69,.T.);
#1130=EDGE_CURVE('',#1351,#1328,#70,.T.);
#1131=EDGE_CURVE('',#1350,#1330,#71,.T.);
#1132=EDGE_CURVE('',#1342,#1332,#72,.T.);
#1133=EDGE_CURVE('',#1343,#1333,#73,.T.);
#1134=EDGE_CURVE('',#1329,#1284,#74,.T.);
#1135=EDGE_CURVE('',#1331,#1286,#75,.T.);
#1136=EDGE_CURVE('',#1337,#1336,#1640,.T.);
#1137=EDGE_CURVE('',#1337,#1294,#76,.T.);
#1138=EDGE_CURVE('',#1336,#1295,#77,.T.);
#1139=EDGE_CURVE('',#1337,#1318,#78,.T.);
#1140=EDGE_CURVE('',#1336,#1320,#79,.T.);
#1141=EDGE_CURVE('',#1334,#1322,#80,.T.);
#1142=EDGE_CURVE('',#1335,#1323,#81,.T.);
#1143=EDGE_CURVE('',#1319,#1272,#82,.T.);
#1144=EDGE_CURVE('',#1321,#1274,#83,.T.);
#1145=EDGE_CURVE('',#1327,#1326,#1641,.T.);
#1146=EDGE_CURVE('',#1327,#1282,#84,.T.);
#1147=EDGE_CURVE('',#1326,#1283,#85,.T.);
#1148=EDGE_CURVE('',#1327,#1310,#86,.T.);
#1149=EDGE_CURVE('',#1326,#1312,#87,.T.);
#1150=EDGE_CURVE('',#1324,#1314,#88,.T.);
#1151=EDGE_CURVE('',#1325,#1315,#89,.T.);
#1152=EDGE_CURVE('',#1311,#1262,#90,.T.);
#1153=EDGE_CURVE('',#1313,#1264,#91,.T.);
#1154=EDGE_CURVE('',#1307,#1266,#92,.T.);
#1155=EDGE_CURVE('',#1308,#1267,#93,.T.);
#1156=VERTEX_POINT('',#3532);
#1157=VERTEX_POINT('',#3533);
#1158=VERTEX_POINT('',#3535);
#1159=VERTEX_POINT('',#3537);
#1160=VERTEX_POINT('',#3541);
#1161=VERTEX_POINT('',#3543);
#1162=VERTEX_POINT('',#3547);
#1163=VERTEX_POINT('',#3549);
#1164=VERTEX_POINT('',#3553);
#1165=VERTEX_POINT('',#3555);
#1166=VERTEX_POINT('',#3559);
#1167=VERTEX_POINT('',#3561);
#1168=VERTEX_POINT('',#3565);
#1169=VERTEX_POINT('',#3567);
#1170=VERTEX_POINT('',#3571);
#1171=VERTEX_POINT('',#3573);
#1172=VERTEX_POINT('',#3583);
#1173=VERTEX_POINT('',#3584);
#1174=VERTEX_POINT('',#3586);
#1175=VERTEX_POINT('',#3588);
#1176=VERTEX_POINT('',#3592);
#1177=VERTEX_POINT('',#3593);
#1178=VERTEX_POINT('',#3595);
#1179=VERTEX_POINT('',#3597);
#1180=VERTEX_POINT('',#3601);
#1181=VERTEX_POINT('',#3603);
#1182=VERTEX_POINT('',#3610);
#1183=VERTEX_POINT('',#3611);
#1184=VERTEX_POINT('',#3620);
#1185=VERTEX_POINT('',#3621);
#1186=VERTEX_POINT('',#3623);
#1187=VERTEX_POINT('',#3625);
#1188=VERTEX_POINT('',#3629);
#1189=VERTEX_POINT('',#3630);
#1190=VERTEX_POINT('',#3632);
#1191=VERTEX_POINT('',#3634);
#1192=VERTEX_POINT('',#3641);
#1193=VERTEX_POINT('',#3642);
#1194=VERTEX_POINT('',#3644);
#1195=VERTEX_POINT('',#3646);
#1196=VERTEX_POINT('',#3657);
#1197=VERTEX_POINT('',#3658);
#1198=VERTEX_POINT('',#3660);
#1199=VERTEX_POINT('',#3662);
#1200=VERTEX_POINT('',#3666);
#1201=VERTEX_POINT('',#3667);
#1202=VERTEX_POINT('',#3669);
#1203=VERTEX_POINT('',#3671);
#1204=VERTEX_POINT('',#3675);
#1205=VERTEX_POINT('',#3677);
#1206=VERTEX_POINT('',#3684);
#1207=VERTEX_POINT('',#3685);
#1208=VERTEX_POINT('',#3694);
#1209=VERTEX_POINT('',#3695);
#1210=VERTEX_POINT('',#3697);
#1211=VERTEX_POINT('',#3699);
#1212=VERTEX_POINT('',#3703);
#1213=VERTEX_POINT('',#3704);
#1214=VERTEX_POINT('',#3706);
#1215=VERTEX_POINT('',#3708);
#1216=VERTEX_POINT('',#3712);
#1217=VERTEX_POINT('',#3714);
#1218=VERTEX_POINT('',#3725);
#1219=VERTEX_POINT('',#3726);
#1220=VERTEX_POINT('',#3728);
#1221=VERTEX_POINT('',#3730);
#1222=VERTEX_POINT('',#3734);
#1223=VERTEX_POINT('',#3735);
#1224=VERTEX_POINT('',#3737);
#1225=VERTEX_POINT('',#3739);
#1226=VERTEX_POINT('',#3743);
#1227=VERTEX_POINT('',#3748);
#1228=VERTEX_POINT('',#3753);
#1229=VERTEX_POINT('',#3754);
#1230=VERTEX_POINT('',#3756);
#1231=VERTEX_POINT('',#3758);
#1232=VERTEX_POINT('',#3762);
#1233=VERTEX_POINT('',#3763);
#1234=VERTEX_POINT('',#3768);
#1235=VERTEX_POINT('',#3769);
#1236=VERTEX_POINT('',#3771);
#1237=VERTEX_POINT('',#3773);
#1238=VERTEX_POINT('',#3777);
#1239=VERTEX_POINT('',#3779);
#1240=VERTEX_POINT('',#3807);
#1241=VERTEX_POINT('',#3811);
#1242=VERTEX_POINT('',#3832);
#1243=VERTEX_POINT('',#3833);
#1244=VERTEX_POINT('',#3835);
#1245=VERTEX_POINT('',#3837);
#1246=VERTEX_POINT('',#3841);
#1247=VERTEX_POINT('',#3842);
#1248=VERTEX_POINT('',#3844);
#1249=VERTEX_POINT('',#3846);
#1250=VERTEX_POINT('',#3850);
#1251=VERTEX_POINT('',#3855);
#1252=VERTEX_POINT('',#3860);
#1253=VERTEX_POINT('',#3861);
#1254=VERTEX_POINT('',#3863);
#1255=VERTEX_POINT('',#3865);
#1256=VERTEX_POINT('',#3869);
#1257=VERTEX_POINT('',#3870);
#1258=VERTEX_POINT('',#3872);
#1259=VERTEX_POINT('',#3874);
#1260=VERTEX_POINT('',#3878);
#1261=VERTEX_POINT('',#3880);
#1262=VERTEX_POINT('',#3933);
#1263=VERTEX_POINT('',#3934);
#1264=VERTEX_POINT('',#3936);
#1265=VERTEX_POINT('',#3938);
#1266=VERTEX_POINT('',#3942);
#1267=VERTEX_POINT('',#3943);
#1268=VERTEX_POINT('',#3945);
#1269=VERTEX_POINT('',#3947);
#1270=VERTEX_POINT('',#3951);
#1271=VERTEX_POINT('',#3953);
#1272=VERTEX_POINT('',#3964);
#1273=VERTEX_POINT('',#3965);
#1274=VERTEX_POINT('',#3967);
#1275=VERTEX_POINT('',#3969);
#1276=VERTEX_POINT('',#3973);
#1277=VERTEX_POINT('',#3974);
#1278=VERTEX_POINT('',#3976);
#1279=VERTEX_POINT('',#3978);
#1280=VERTEX_POINT('',#3982);
#1281=VERTEX_POINT('',#3984);
#1282=VERTEX_POINT('',#3991);
#1283=VERTEX_POINT('',#3992);
#1284=VERTEX_POINT('',#4001);
#1285=VERTEX_POINT('',#4002);
#1286=VERTEX_POINT('',#4004);
#1287=VERTEX_POINT('',#4006);
#1288=VERTEX_POINT('',#4010);
#1289=VERTEX_POINT('',#4011);
#1290=VERTEX_POINT('',#4013);
#1291=VERTEX_POINT('',#4015);
#1292=VERTEX_POINT('',#4019);
#1293=VERTEX_POINT('',#4021);
#1294=VERTEX_POINT('',#4028);
#1295=VERTEX_POINT('',#4029);
#1296=VERTEX_POINT('',#4038);
#1297=VERTEX_POINT('',#4039);
#1298=VERTEX_POINT('',#4041);
#1299=VERTEX_POINT('',#4043);
#1300=VERTEX_POINT('',#4047);
#1301=VERTEX_POINT('',#4049);
#1302=VERTEX_POINT('',#4053);
#1303=VERTEX_POINT('',#4055);
#1304=VERTEX_POINT('',#4059);
#1305=VERTEX_POINT('',#4060);
#1306=VERTEX_POINT('',#4069);
#1307=VERTEX_POINT('',#4070);
#1308=VERTEX_POINT('',#4072);
#1309=VERTEX_POINT('',#4074);
#1310=VERTEX_POINT('',#4078);
#1311=VERTEX_POINT('',#4079);
#1312=VERTEX_POINT('',#4081);
#1313=VERTEX_POINT('',#4083);
#1314=VERTEX_POINT('',#4087);
#1315=VERTEX_POINT('',#4088);
#1316=VERTEX_POINT('',#4090);
#1317=VERTEX_POINT('',#4092);
#1318=VERTEX_POINT('',#4105);
#1319=VERTEX_POINT('',#4106);
#1320=VERTEX_POINT('',#4108);
#1321=VERTEX_POINT('',#4110);
#1322=VERTEX_POINT('',#4114);
#1323=VERTEX_POINT('',#4115);
#1324=VERTEX_POINT('',#4117);
#1325=VERTEX_POINT('',#4119);
#1326=VERTEX_POINT('',#4123);
#1327=VERTEX_POINT('',#4128);
#1328=VERTEX_POINT('',#4133);
#1329=VERTEX_POINT('',#4134);
#1330=VERTEX_POINT('',#4136);
#1331=VERTEX_POINT('',#4138);
#1332=VERTEX_POINT('',#4142);
#1333=VERTEX_POINT('',#4143);
#1334=VERTEX_POINT('',#4145);
#1335=VERTEX_POINT('',#4147);
#1336=VERTEX_POINT('',#4151);
#1337=VERTEX_POINT('',#4156);
#1338=VERTEX_POINT('',#4161);
#1339=VERTEX_POINT('',#4162);
#1340=VERTEX_POINT('',#4164);
#1341=VERTEX_POINT('',#4166);
#1342=VERTEX_POINT('',#4170);
#1343=VERTEX_POINT('',#4172);
#1344=VERTEX_POINT('',#4176);
#1345=VERTEX_POINT('',#4177);
#1346=VERTEX_POINT('',#4179);
#1347=VERTEX_POINT('',#4181);
#1348=VERTEX_POINT('',#4185);
#1349=VERTEX_POINT('',#4187);
#1350=VERTEX_POINT('',#4215);
#1351=VERTEX_POINT('',#4219);
#1352=LINE('',#3531,#1642);
#1353=LINE('',#3534,#1643);
#1354=LINE('',#3536,#1644);
#1355=LINE('',#3538,#1645);
#1356=LINE('',#3540,#1646);
#1357=LINE('',#3542,#1647);
#1358=LINE('',#3544,#1648);
#1359=LINE('',#3546,#1649);
#1360=LINE('',#3548,#1650);
#1361=LINE('',#3550,#1651);
#1362=LINE('',#3552,#1652);
#1363=LINE('',#3554,#1653);
#1364=LINE('',#3556,#1654);
#1365=LINE('',#3558,#1655);
#1366=LINE('',#3560,#1656);
#1367=LINE('',#3562,#1657);
#1368=LINE('',#3564,#1658);
#1369=LINE('',#3566,#1659);
#1370=LINE('',#3568,#1660);
#1371=LINE('',#3570,#1661);
#1372=LINE('',#3572,#1662);
#1373=LINE('',#3574,#1663);
#1374=LINE('',#3576,#1664);
#1375=LINE('',#3577,#1665);
#1376=LINE('',#3582,#1666);
#1377=LINE('',#3585,#1667);
#1378=LINE('',#3587,#1668);
#1379=LINE('',#3589,#1669);
#1380=LINE('',#3591,#1670);
#1381=LINE('',#3594,#1671);
#1382=LINE('',#3596,#1672);
#1383=LINE('',#3598,#1673);
#1384=LINE('',#3600,#1674);
#1385=LINE('',#3602,#1675);
#1386=LINE('',#3604,#1676);
#1387=LINE('',#3606,#1677);
#1388=LINE('',#3607,#1678);
#1389=LINE('',#3609,#1679);
#1390=LINE('',#3612,#1680);
#1391=LINE('',#3613,#1681);
#1392=LINE('',#3615,#1682);
#1393=LINE('',#3617,#1683);
#1394=LINE('',#3619,#1684);
#1395=LINE('',#3622,#1685);
#1396=LINE('',#3624,#1686);
#1397=LINE('',#3626,#1687);
#1398=LINE('',#3628,#1688);
#1399=LINE('',#3631,#1689);
#1400=LINE('',#3633,#1690);
#1401=LINE('',#3635,#1691);
#1402=LINE('',#3637,#1692);
#1403=LINE('',#3638,#1693);
#1404=LINE('',#3640,#1694);
#1405=LINE('',#3643,#1695);
#1406=LINE('',#3645,#1696);
#1407=LINE('',#3647,#1697);
#1408=LINE('',#3649,#1698);
#1409=LINE('',#3650,#1699);
#1410=LINE('',#3652,#1700);
#1411=LINE('',#3654,#1701);
#1412=LINE('',#3656,#1702);
#1413=LINE('',#3659,#1703);
#1414=LINE('',#3661,#1704);
#1415=LINE('',#3663,#1705);
#1416=LINE('',#3665,#1706);
#1417=LINE('',#3668,#1707);
#1418=LINE('',#3670,#1708);
#1419=LINE('',#3672,#1709);
#1420=LINE('',#3674,#1710);
#1421=LINE('',#3676,#1711);
#1422=LINE('',#3678,#1712);
#1423=LINE('',#3680,#1713);
#1424=LINE('',#3681,#1714);
#1425=LINE('',#3683,#1715);
#1426=LINE('',#3686,#1716);
#1427=LINE('',#3687,#1717);
#1428=LINE('',#3689,#1718);
#1429=LINE('',#3691,#1719);
#1430=LINE('',#3693,#1720);
#1431=LINE('',#3696,#1721);
#1432=LINE('',#3698,#1722);
#1433=LINE('',#3700,#1723);
#1434=LINE('',#3702,#1724);
#1435=LINE('',#3705,#1725);
#1436=LINE('',#3707,#1726);
#1437=LINE('',#3709,#1727);
#1438=LINE('',#3711,#1728);
#1439=LINE('',#3713,#1729);
#1440=LINE('',#3715,#1730);
#1441=LINE('',#3717,#1731);
#1442=LINE('',#3718,#1732);
#1443=LINE('',#3720,#1733);
#1444=LINE('',#3722,#1734);
#1445=LINE('',#3724,#1735);
#1446=LINE('',#3727,#1736);
#1447=LINE('',#3729,#1737);
#1448=LINE('',#3731,#1738);
#1449=LINE('',#3733,#1739);
#1450=LINE('',#3736,#1740);
#1451=LINE('',#3738,#1741);
#1452=LINE('',#3740,#1742);
#1453=LINE('',#3742,#1743);
#1454=LINE('',#3744,#1744);
#1455=LINE('',#3745,#1745);
#1456=LINE('',#3747,#1746);
#1457=LINE('',#3749,#1747);
#1458=LINE('',#3750,#1748);
#1459=LINE('',#3752,#1749);
#1460=LINE('',#3755,#1750);
#1461=LINE('',#3757,#1751);
#1462=LINE('',#3759,#1752);
#1463=LINE('',#3761,#1753);
#1464=LINE('',#3764,#1754);
#1465=LINE('',#3765,#1755);
#1466=LINE('',#3767,#1756);
#1467=LINE('',#3770,#1757);
#1468=LINE('',#3772,#1758);
#1469=LINE('',#3774,#1759);
#1470=LINE('',#3776,#1760);
#1471=LINE('',#3778,#1761);
#1472=LINE('',#3780,#1762);
#1473=LINE('',#3806,#1763);
#1474=LINE('',#3808,#1764);
#1475=LINE('',#3810,#1765);
#1476=LINE('',#3812,#1766);
#1477=LINE('',#3815,#1767);
#1478=LINE('',#3831,#1768);
#1479=LINE('',#3834,#1769);
#1480=LINE('',#3836,#1770);
#1481=LINE('',#3838,#1771);
#1482=LINE('',#3840,#1772);
#1483=LINE('',#3843,#1773);
#1484=LINE('',#3845,#1774);
#1485=LINE('',#3847,#1775);
#1486=LINE('',#3849,#1776);
#1487=LINE('',#3851,#1777);
#1488=LINE('',#3852,#1778);
#1489=LINE('',#3854,#1779);
#1490=LINE('',#3856,#1780);
#1491=LINE('',#3857,#1781);
#1492=LINE('',#3859,#1782);
#1493=LINE('',#3862,#1783);
#1494=LINE('',#3864,#1784);
#1495=LINE('',#3866,#1785);
#1496=LINE('',#3868,#1786);
#1497=LINE('',#3871,#1787);
#1498=LINE('',#3873,#1788);
#1499=LINE('',#3875,#1789);
#1500=LINE('',#3877,#1790);
#1501=LINE('',#3879,#1791);
#1502=LINE('',#3881,#1792);
#1503=LINE('',#3883,#1793);
#1504=LINE('',#3884,#1794);
#1505=LINE('',#3886,#1795);
#1506=LINE('',#3887,#1796);
#1507=LINE('',#3897,#1797);
#1508=LINE('',#3914,#1798);
#1509=LINE('',#3932,#1799);
#1510=LINE('',#3935,#1800);
#1511=LINE('',#3937,#1801);
#1512=LINE('',#3939,#1802);
#1513=LINE('',#3941,#1803);
#1514=LINE('',#3944,#1804);
#1515=LINE('',#3946,#1805);
#1516=LINE('',#3948,#1806);
#1517=LINE('',#3950,#1807);
#1518=LINE('',#3952,#1808);
#1519=LINE('',#3954,#1809);
#1520=LINE('',#3956,#1810);
#1521=LINE('',#3957,#1811);
#1522=LINE('',#3959,#1812);
#1523=LINE('',#3961,#1813);
#1524=LINE('',#3963,#1814);
#1525=LINE('',#3966,#1815);
#1526=LINE('',#3968,#1816);
#1527=LINE('',#3970,#1817);
#1528=LINE('',#3972,#1818);
#1529=LINE('',#3975,#1819);
#1530=LINE('',#3977,#1820);
#1531=LINE('',#3979,#1821);
#1532=LINE('',#3981,#1822);
#1533=LINE('',#3983,#1823);
#1534=LINE('',#3985,#1824);
#1535=LINE('',#3987,#1825);
#1536=LINE('',#3988,#1826);
#1537=LINE('',#3990,#1827);
#1538=LINE('',#3993,#1828);
#1539=LINE('',#3994,#1829);
#1540=LINE('',#3996,#1830);
#1541=LINE('',#3998,#1831);
#1542=LINE('',#4000,#1832);
#1543=LINE('',#4003,#1833);
#1544=LINE('',#4005,#1834);
#1545=LINE('',#4007,#1835);
#1546=LINE('',#4009,#1836);
#1547=LINE('',#4012,#1837);
#1548=LINE('',#4014,#1838);
#1549=LINE('',#4016,#1839);
#1550=LINE('',#4018,#1840);
#1551=LINE('',#4020,#1841);
#1552=LINE('',#4022,#1842);
#1553=LINE('',#4024,#1843);
#1554=LINE('',#4025,#1844);
#1555=LINE('',#4027,#1845);
#1556=LINE('',#4030,#1846);
#1557=LINE('',#4031,#1847);
#1558=LINE('',#4033,#1848);
#1559=LINE('',#4035,#1849);
#1560=LINE('',#4037,#1850);
#1561=LINE('',#4040,#1851);
#1562=LINE('',#4042,#1852);
#1563=LINE('',#4044,#1853);
#1564=LINE('',#4046,#1854);
#1565=LINE('',#4048,#1855);
#1566=LINE('',#4050,#1856);
#1567=LINE('',#4052,#1857);
#1568=LINE('',#4054,#1858);
#1569=LINE('',#4056,#1859);
#1570=LINE('',#4058,#1860);
#1571=LINE('',#4061,#1861);
#1572=LINE('',#4062,#1862);
#1573=LINE('',#4064,#1863);
#1574=LINE('',#4066,#1864);
#1575=LINE('',#4068,#1865);
#1576=LINE('',#4071,#1866);
#1577=LINE('',#4073,#1867);
#1578=LINE('',#4075,#1868);
#1579=LINE('',#4077,#1869);
#1580=LINE('',#4080,#1870);
#1581=LINE('',#4082,#1871);
#1582=LINE('',#4084,#1872);
#1583=LINE('',#4086,#1873);
#1584=LINE('',#4089,#1874);
#1585=LINE('',#4091,#1875);
#1586=LINE('',#4093,#1876);
#1587=LINE('',#4095,#1877);
#1588=LINE('',#4096,#1878);
#1589=LINE('',#4098,#1879);
#1590=LINE('',#4099,#1880);
#1591=LINE('',#4101,#1881);
#1592=LINE('',#4102,#1882);
#1593=LINE('',#4104,#1883);
#1594=LINE('',#4107,#1884);
#1595=LINE('',#4109,#1885);
#1596=LINE('',#4111,#1886);
#1597=LINE('',#4113,#1887);
#1598=LINE('',#4116,#1888);
#1599=LINE('',#4118,#1889);
#1600=LINE('',#4120,#1890);
#1601=LINE('',#4122,#1891);
#1602=LINE('',#4124,#1892);
#1603=LINE('',#4125,#1893);
#1604=LINE('',#4127,#1894);
#1605=LINE('',#4129,#1895);
#1606=LINE('',#4130,#1896);
#1607=LINE('',#4132,#1897);
#1608=LINE('',#4135,#1898);
#1609=LINE('',#4137,#1899);
#1610=LINE('',#4139,#1900);
#1611=LINE('',#4141,#1901);
#1612=LINE('',#4144,#1902);
#1613=LINE('',#4146,#1903);
#1614=LINE('',#4148,#1904);
#1615=LINE('',#4150,#1905);
#1616=LINE('',#4152,#1906);
#1617=LINE('',#4153,#1907);
#1618=LINE('',#4155,#1908);
#1619=LINE('',#4157,#1909);
#1620=LINE('',#4158,#1910);
#1621=LINE('',#4160,#1911);
#1622=LINE('',#4163,#1912);
#1623=LINE('',#4165,#1913);
#1624=LINE('',#4167,#1914);
#1625=LINE('',#4169,#1915);
#1626=LINE('',#4171,#1916);
#1627=LINE('',#4173,#1917);
#1628=LINE('',#4175,#1918);
#1629=LINE('',#4178,#1919);
#1630=LINE('',#4180,#1920);
#1631=LINE('',#4182,#1921);
#1632=LINE('',#4184,#1922);
#1633=LINE('',#4186,#1923);
#1634=LINE('',#4188,#1924);
#1635=LINE('',#4214,#1925);
#1636=LINE('',#4216,#1926);
#1637=LINE('',#4218,#1927);
#1638=LINE('',#4220,#1928);
#1639=LINE('',#4225,#1929);
#1640=LINE('',#4242,#1930);
#1641=LINE('',#4259,#1931);
#1642=VECTOR('',#2801,1.);
#1643=VECTOR('',#2802,1.);
#1644=VECTOR('',#2803,1.);
#1645=VECTOR('',#2804,1.);
#1646=VECTOR('',#2807,1.);
#1647=VECTOR('',#2808,1.);
#1648=VECTOR('',#2809,1.);
#1649=VECTOR('',#2812,1.);
#1650=VECTOR('',#2813,1.);
#1651=VECTOR('',#2814,1.);
#1652=VECTOR('',#2817,1.);
#1653=VECTOR('',#2818,1.);
#1654=VECTOR('',#2819,1.);
#1655=VECTOR('',#2822,1.);
#1656=VECTOR('',#2823,1.);
#1657=VECTOR('',#2824,1.);
#1658=VECTOR('',#2827,1.);
#1659=VECTOR('',#2828,1.);
#1660=VECTOR('',#2829,1.);
#1661=VECTOR('',#2832,1.);
#1662=VECTOR('',#2833,1.);
#1663=VECTOR('',#2834,1.);
#1664=VECTOR('',#2837,1.);
#1665=VECTOR('',#2838,1.);
#1666=VECTOR('',#2847,1.);
#1667=VECTOR('',#2848,1.);
#1668=VECTOR('',#2849,1.);
#1669=VECTOR('',#2850,1.);
#1670=VECTOR('',#2853,1.);
#1671=VECTOR('',#2854,1.);
#1672=VECTOR('',#2855,1.);
#1673=VECTOR('',#2856,1.);
#1674=VECTOR('',#2859,1.);
#1675=VECTOR('',#2860,1.);
#1676=VECTOR('',#2861,1.);
#1677=VECTOR('',#2864,1.);
#1678=VECTOR('',#2865,1.);
#1679=VECTOR('',#2868,1.);
#1680=VECTOR('',#2869,1.);
#1681=VECTOR('',#2870,1.);
#1682=VECTOR('',#2873,1.);
#1683=VECTOR('',#2876,1.);
#1684=VECTOR('',#2879,1.);
#1685=VECTOR('',#2880,1.);
#1686=VECTOR('',#2881,1.);
#1687=VECTOR('',#2882,1.);
#1688=VECTOR('',#2885,1.);
#1689=VECTOR('',#2886,1.);
#1690=VECTOR('',#2887,1.);
#1691=VECTOR('',#2888,1.);
#1692=VECTOR('',#2891,1.);
#1693=VECTOR('',#2892,1.);
#1694=VECTOR('',#2895,1.);
#1695=VECTOR('',#2896,1.);
#1696=VECTOR('',#2897,1.);
#1697=VECTOR('',#2898,1.);
#1698=VECTOR('',#2901,1.);
#1699=VECTOR('',#2902,1.);
#1700=VECTOR('',#2905,1.);
#1701=VECTOR('',#2908,1.);
#1702=VECTOR('',#2911,1.);
#1703=VECTOR('',#2912,1.);
#1704=VECTOR('',#2913,1.);
#1705=VECTOR('',#2914,1.);
#1706=VECTOR('',#2917,1.);
#1707=VECTOR('',#2918,1.);
#1708=VECTOR('',#2919,1.);
#1709=VECTOR('',#2920,1.);
#1710=VECTOR('',#2923,1.);
#1711=VECTOR('',#2924,1.);
#1712=VECTOR('',#2925,1.);
#1713=VECTOR('',#2928,1.);
#1714=VECTOR('',#2929,1.);
#1715=VECTOR('',#2932,1.);
#1716=VECTOR('',#2933,1.);
#1717=VECTOR('',#2934,1.);
#1718=VECTOR('',#2937,1.);
#1719=VECTOR('',#2940,1.);
#1720=VECTOR('',#2943,1.);
#1721=VECTOR('',#2944,1.);
#1722=VECTOR('',#2945,1.);
#1723=VECTOR('',#2946,1.);
#1724=VECTOR('',#2949,1.);
#1725=VECTOR('',#2950,1.);
#1726=VECTOR('',#2951,1.);
#1727=VECTOR('',#2952,1.);
#1728=VECTOR('',#2955,1.);
#1729=VECTOR('',#2956,1.);
#1730=VECTOR('',#2957,1.);
#1731=VECTOR('',#2960,1.);
#1732=VECTOR('',#2961,1.);
#1733=VECTOR('',#2964,1.);
#1734=VECTOR('',#2967,1.);
#1735=VECTOR('',#2970,1.);
#1736=VECTOR('',#2971,1.);
#1737=VECTOR('',#2972,1.);
#1738=VECTOR('',#2973,1.);
#1739=VECTOR('',#2976,1.);
#1740=VECTOR('',#2977,1.);
#1741=VECTOR('',#2978,1.);
#1742=VECTOR('',#2979,1.);
#1743=VECTOR('',#2982,1.);
#1744=VECTOR('',#2983,1.);
#1745=VECTOR('',#2984,1.);
#1746=VECTOR('',#2987,1.);
#1747=VECTOR('',#2988,1.);
#1748=VECTOR('',#2989,1.);
#1749=VECTOR('',#2992,1.);
#1750=VECTOR('',#2993,1.);
#1751=VECTOR('',#2994,1.);
#1752=VECTOR('',#2995,1.);
#1753=VECTOR('',#2998,1.);
#1754=VECTOR('',#2999,1.);
#1755=VECTOR('',#3000,1.);
#1756=VECTOR('',#3003,1.);
#1757=VECTOR('',#3004,1.);
#1758=VECTOR('',#3005,1.);
#1759=VECTOR('',#3006,1.);
#1760=VECTOR('',#3009,1.);
#1761=VECTOR('',#3010,1.);
#1762=VECTOR('',#3011,1.);
#1763=VECTOR('',#3018,1.);
#1764=VECTOR('',#3019,1.);
#1765=VECTOR('',#3022,1.);
#1766=VECTOR('',#3023,1.);
#1767=VECTOR('',#3028,1.);
#1768=VECTOR('',#3059,1.);
#1769=VECTOR('',#3060,1.);
#1770=VECTOR('',#3061,1.);
#1771=VECTOR('',#3062,1.);
#1772=VECTOR('',#3065,1.);
#1773=VECTOR('',#3066,1.);
#1774=VECTOR('',#3067,1.);
#1775=VECTOR('',#3068,1.);
#1776=VECTOR('',#3071,1.);
#1777=VECTOR('',#3072,1.);
#1778=VECTOR('',#3073,1.);
#1779=VECTOR('',#3076,1.);
#1780=VECTOR('',#3077,1.);
#1781=VECTOR('',#3078,1.);
#1782=VECTOR('',#3081,1.);
#1783=VECTOR('',#3082,1.);
#1784=VECTOR('',#3083,1.);
#1785=VECTOR('',#3084,1.);
#1786=VECTOR('',#3087,1.);
#1787=VECTOR('',#3088,1.);
#1788=VECTOR('',#3089,1.);
#1789=VECTOR('',#3090,1.);
#1790=VECTOR('',#3093,1.);
#1791=VECTOR('',#3094,1.);
#1792=VECTOR('',#3095,1.);
#1793=VECTOR('',#3098,1.);
#1794=VECTOR('',#3099,1.);
#1795=VECTOR('',#3102,1.);
#1796=VECTOR('',#3103,1.);
#1797=VECTOR('',#3122,1.);
#1798=VECTOR('',#3155,1.);
#1799=VECTOR('',#3190,1.);
#1800=VECTOR('',#3191,1.);
#1801=VECTOR('',#3192,1.);
#1802=VECTOR('',#3193,1.);
#1803=VECTOR('',#3196,1.);
#1804=VECTOR('',#3197,1.);
#1805=VECTOR('',#3198,1.);
#1806=VECTOR('',#3199,1.);
#1807=VECTOR('',#3202,1.);
#1808=VECTOR('',#3203,1.);
#1809=VECTOR('',#3204,1.);
#1810=VECTOR('',#3207,1.);
#1811=VECTOR('',#3208,1.);
#1812=VECTOR('',#3211,1.);
#1813=VECTOR('',#3214,1.);
#1814=VECTOR('',#3217,1.);
#1815=VECTOR('',#3218,1.);
#1816=VECTOR('',#3219,1.);
#1817=VECTOR('',#3220,1.);
#1818=VECTOR('',#3223,1.);
#1819=VECTOR('',#3224,1.);
#1820=VECTOR('',#3225,1.);
#1821=VECTOR('',#3226,1.);
#1822=VECTOR('',#3229,1.);
#1823=VECTOR('',#3230,1.);
#1824=VECTOR('',#3231,1.);
#1825=VECTOR('',#3234,1.);
#1826=VECTOR('',#3235,1.);
#1827=VECTOR('',#3238,1.);
#1828=VECTOR('',#3239,1.);
#1829=VECTOR('',#3240,1.);
#1830=VECTOR('',#3243,1.);
#1831=VECTOR('',#3246,1.);
#1832=VECTOR('',#3249,1.);
#1833=VECTOR('',#3250,1.);
#1834=VECTOR('',#3251,1.);
#1835=VECTOR('',#3252,1.);
#1836=VECTOR('',#3255,1.);
#1837=VECTOR('',#3256,1.);
#1838=VECTOR('',#3257,1.);
#1839=VECTOR('',#3258,1.);
#1840=VECTOR('',#3261,1.);
#1841=VECTOR('',#3262,1.);
#1842=VECTOR('',#3263,1.);
#1843=VECTOR('',#3266,1.);
#1844=VECTOR('',#3267,1.);
#1845=VECTOR('',#3270,1.);
#1846=VECTOR('',#3271,1.);
#1847=VECTOR('',#3272,1.);
#1848=VECTOR('',#3275,1.);
#1849=VECTOR('',#3278,1.);
#1850=VECTOR('',#3281,1.);
#1851=VECTOR('',#3282,1.);
#1852=VECTOR('',#3283,1.);
#1853=VECTOR('',#3284,1.);
#1854=VECTOR('',#3287,1.);
#1855=VECTOR('',#3288,1.);
#1856=VECTOR('',#3289,1.);
#1857=VECTOR('',#3292,1.);
#1858=VECTOR('',#3293,1.);
#1859=VECTOR('',#3294,1.);
#1860=VECTOR('',#3297,1.);
#1861=VECTOR('',#3298,1.);
#1862=VECTOR('',#3299,1.);
#1863=VECTOR('',#3302,1.);
#1864=VECTOR('',#3305,1.);
#1865=VECTOR('',#3308,1.);
#1866=VECTOR('',#3309,1.);
#1867=VECTOR('',#3310,1.);
#1868=VECTOR('',#3311,1.);
#1869=VECTOR('',#3314,1.);
#1870=VECTOR('',#3315,1.);
#1871=VECTOR('',#3316,1.);
#1872=VECTOR('',#3317,1.);
#1873=VECTOR('',#3320,1.);
#1874=VECTOR('',#3321,1.);
#1875=VECTOR('',#3322,1.);
#1876=VECTOR('',#3323,1.);
#1877=VECTOR('',#3326,1.);
#1878=VECTOR('',#3327,1.);
#1879=VECTOR('',#3330,1.);
#1880=VECTOR('',#3331,1.);
#1881=VECTOR('',#3334,1.);
#1882=VECTOR('',#3335,1.);
#1883=VECTOR('',#3338,1.);
#1884=VECTOR('',#3339,1.);
#1885=VECTOR('',#3340,1.);
#1886=VECTOR('',#3341,1.);
#1887=VECTOR('',#3344,1.);
#1888=VECTOR('',#3345,1.);
#1889=VECTOR('',#3346,1.);
#1890=VECTOR('',#3347,1.);
#1891=VECTOR('',#3350,1.);
#1892=VECTOR('',#3351,1.);
#1893=VECTOR('',#3352,1.);
#1894=VECTOR('',#3355,1.);
#1895=VECTOR('',#3356,1.);
#1896=VECTOR('',#3357,1.);
#1897=VECTOR('',#3360,1.);
#1898=VECTOR('',#3361,1.);
#1899=VECTOR('',#3362,1.);
#1900=VECTOR('',#3363,1.);
#1901=VECTOR('',#3366,1.);
#1902=VECTOR('',#3367,1.);
#1903=VECTOR('',#3368,1.);
#1904=VECTOR('',#3369,1.);
#1905=VECTOR('',#3372,1.);
#1906=VECTOR('',#3373,1.);
#1907=VECTOR('',#3374,1.);
#1908=VECTOR('',#3377,1.);
#1909=VECTOR('',#3378,1.);
#1910=VECTOR('',#3379,1.);
#1911=VECTOR('',#3382,1.);
#1912=VECTOR('',#3383,1.);
#1913=VECTOR('',#3384,1.);
#1914=VECTOR('',#3385,1.);
#1915=VECTOR('',#3388,1.);
#1916=VECTOR('',#3389,1.);
#1917=VECTOR('',#3390,1.);
#1918=VECTOR('',#3393,1.);
#1919=VECTOR('',#3394,1.);
#1920=VECTOR('',#3395,1.);
#1921=VECTOR('',#3396,1.);
#1922=VECTOR('',#3399,1.);
#1923=VECTOR('',#3400,1.);
#1924=VECTOR('',#3401,1.);
#1925=VECTOR('',#3408,1.);
#1926=VECTOR('',#3409,1.);
#1927=VECTOR('',#3412,1.);
#1928=VECTOR('',#3413,1.);
#1929=VECTOR('',#3422,1.);
#1930=VECTOR('',#3455,1.);
#1931=VECTOR('',#3488,1.);
#1932=EDGE_LOOP('',(#106,#107,#108,#109));
#1933=EDGE_LOOP('',(#110,#111,#112,#113));
#1934=EDGE_LOOP('',(#114,#115,#116,#117));
#1935=EDGE_LOOP('',(#118,#119,#120,#121));
#1936=EDGE_LOOP('',(#122,#123,#124,#125));
#1937=EDGE_LOOP('',(#126,#127,#128,#129));
#1938=EDGE_LOOP('',(#130,#131,#132,#133));
#1939=EDGE_LOOP('',(#134,#135,#136,#137));
#1940=EDGE_LOOP('',(#138,#139,#140,#141,#142,#143,#144,#145));
#1941=EDGE_LOOP('',(#146,#147,#148,#149,#150,#151,#152,#153));
#1942=EDGE_LOOP('',(#154,#155,#156,#157));
#1943=EDGE_LOOP('',(#158,#159,#160,#161));
#1944=EDGE_LOOP('',(#162,#163,#164,#165));
#1945=EDGE_LOOP('',(#166,#167,#168,#169));
#1946=EDGE_LOOP('',(#170,#171,#172,#173));
#1947=EDGE_LOOP('',(#174,#175,#176,#177,#178,#179));
#1948=EDGE_LOOP('',(#180,#181,#182,#183,#184,#185));
#1949=EDGE_LOOP('',(#186,#187,#188,#189));
#1950=EDGE_LOOP('',(#190,#191,#192,#193));
#1951=EDGE_LOOP('',(#194,#195,#196,#197));
#1952=EDGE_LOOP('',(#198,#199,#200,#201));
#1953=EDGE_LOOP('',(#202,#203,#204,#205));
#1954=EDGE_LOOP('',(#206,#207,#208,#209,#210,#211));
#1955=EDGE_LOOP('',(#212,#213,#214,#215,#216,#217));
#1956=EDGE_LOOP('',(#218,#219,#220,#221));
#1957=EDGE_LOOP('',(#222,#223,#224,#225));
#1958=EDGE_LOOP('',(#226,#227,#228,#229));
#1959=EDGE_LOOP('',(#230,#231,#232,#233));
#1960=EDGE_LOOP('',(#234,#235,#236,#237));
#1961=EDGE_LOOP('',(#238,#239,#240,#241,#242,#243));
#1962=EDGE_LOOP('',(#244,#245,#246,#247,#248,#249));
#1963=EDGE_LOOP('',(#250,#251,#252,#253));
#1964=EDGE_LOOP('',(#254,#255,#256,#257));
#1965=EDGE_LOOP('',(#258,#259,#260,#261));
#1966=EDGE_LOOP('',(#262,#263,#264,#265));
#1967=EDGE_LOOP('',(#266,#267,#268,#269,#270));
#1968=EDGE_LOOP('',(#271,#272,#273,#274,#275));
#1969=EDGE_LOOP('',(#276,#277,#278,#279));
#1970=EDGE_LOOP('',(#280,#281,#282,#283));
#1971=EDGE_LOOP('',(#284,#285,#286,#287,#288));
#1972=EDGE_LOOP('',(#289,#290,#291,#292,#293));
#1973=EDGE_LOOP('',(#294,#295,#296,#297));
#1974=EDGE_LOOP('',(#298,#299,#300,#301));
#1975=EDGE_LOOP('',(#302,#303,#304,#305));
#1976=EDGE_LOOP('',(#306,#307,#308,#309));
#1977=EDGE_LOOP('',(#310,#311,#312,#313));
#1978=EDGE_LOOP('',(#314,#315,#316,#317,#318,#319,#320));
#1979=EDGE_LOOP('',(#321,#322,#323,#324,#325,#326,#327));
#1980=EDGE_LOOP('',(#328,#329,#330,#331));
#1981=EDGE_LOOP('',(#332,#333,#334,#335));
#1982=EDGE_LOOP('',(#336,#337,#338,#339));
#1983=EDGE_LOOP('',(#340,#341,#342,#343));
#1984=EDGE_LOOP('',(#344,#345,#346,#347));
#1985=EDGE_LOOP('',(#348,#349,#350,#351));
#1986=EDGE_LOOP('',(#352,#353,#354,#355));
#1987=EDGE_LOOP('',(#356,#357,#358,#359));
#1988=EDGE_LOOP('',(#360,#361,#362,#363));
#1989=EDGE_LOOP('',(#364,#365,#366,#367));
#1990=EDGE_LOOP('',(#368,#369,#370,#371,#372));
#1991=EDGE_LOOP('',(#373,#374,#375,#376,#377));
#1992=EDGE_LOOP('',(#378,#379,#380,#381));
#1993=EDGE_LOOP('',(#382,#383,#384,#385));
#1994=EDGE_LOOP('',(#386,#387,#388,#389));
#1995=EDGE_LOOP('',(#390,#391,#392,#393,#394));
#1996=EDGE_LOOP('',(#395,#396,#397,#398,#399));
#1997=EDGE_LOOP('',(#400,#401,#402,#403));
#1998=EDGE_LOOP('',(#404,#405,#406,#407));
#1999=EDGE_LOOP('',(#408,#409,#410,#411));
#2000=EDGE_LOOP('',(#412,#413,#414,#415));
#2001=EDGE_LOOP('',(#416,#417,#418,#419));
#2002=EDGE_LOOP('',(#420,#421,#422,#423));
#2003=EDGE_LOOP('',(#424,#425,#426,#427));
#2004=EDGE_LOOP('',(#428,#429,#430,#431));
#2005=EDGE_LOOP('',(#432,#433,#434,#435));
#2006=EDGE_LOOP('',(#436,#437,#438,#439));
#2007=EDGE_LOOP('',(#440,#441,#442,#443));
#2008=EDGE_LOOP('',(#444,#445,#446,#447));
#2009=EDGE_LOOP('',(#448,#449,#450,#451));
#2010=EDGE_LOOP('',(#452,#453,#454,#455));
#2011=EDGE_LOOP('',(#456,#457,#458,#459));
#2012=EDGE_LOOP('',(#460,#461,#462,#463));
#2013=EDGE_LOOP('',(#464,#465,#466,#467));
#2014=EDGE_LOOP('',(#468,#469,#470,#471));
#2015=EDGE_LOOP('',(#472,#473,#474,#475));
#2016=EDGE_LOOP('',(#476,#477,#478,#479));
#2017=EDGE_LOOP('',(#480,#481,#482,#483));
#2018=EDGE_LOOP('',(#484,#485,#486,#487));
#2019=EDGE_LOOP('',(#488,#489,#490,#491));
#2020=EDGE_LOOP('',(#492,#493,#494,#495));
#2021=EDGE_LOOP('',(#496,#497,#498,#499,#500));
#2022=EDGE_LOOP('',(#501,#502,#503,#504,#505));
#2023=EDGE_LOOP('',(#506,#507,#508,#509));
#2024=EDGE_LOOP('',(#510,#511,#512,#513));
#2025=EDGE_LOOP('',(#514,#515,#516,#517));
#2026=EDGE_LOOP('',(#518,#519,#520,#521));
#2027=EDGE_LOOP('',(#522,#523,#524,#525));
#2028=EDGE_LOOP('',(#526,#527,#528,#529,#530,#531));
#2029=EDGE_LOOP('',(#532,#533,#534,#535,#536,#537));
#2030=EDGE_LOOP('',(#538,#539,#540,#541));
#2031=EDGE_LOOP('',(#542,#543,#544,#545));
#2032=EDGE_LOOP('',(#546,#547,#548,#549));
#2033=EDGE_LOOP('',(#550,#551,#552,#553));
#2034=EDGE_LOOP('',(#554,#555,#556,#557));
#2035=EDGE_LOOP('',(#558,#559,#560,#561,#562,#563));
#2036=EDGE_LOOP('',(#564,#565,#566,#567,#568,#569));
#2037=EDGE_LOOP('',(#570,#571,#572,#573));
#2038=EDGE_LOOP('',(#574,#575,#576,#577));
#2039=EDGE_LOOP('',(#578,#579,#580,#581));
#2040=EDGE_LOOP('',(#582,#583,#584,#585));
#2041=EDGE_LOOP('',(#586,#587,#588,#589,#590));
#2042=EDGE_LOOP('',(#591,#592,#593,#594,#595));
#2043=EDGE_LOOP('',(#596,#597,#598,#599));
#2044=EDGE_LOOP('',(#600,#601,#602,#603));
#2045=EDGE_LOOP('',(#604,#605,#606,#607));
#2046=EDGE_LOOP('',(#608,#609,#610,#611));
#2047=EDGE_LOOP('',(#612,#613,#614,#615,#616,#617));
#2048=EDGE_LOOP('',(#618,#619,#620,#621,#622,#623));
#2049=EDGE_LOOP('',(#624,#625,#626,#627));
#2050=EDGE_LOOP('',(#628,#629,#630,#631));
#2051=EDGE_LOOP('',(#632,#633,#634,#635,#636));
#2052=EDGE_LOOP('',(#637,#638,#639,#640,#641));
#2053=EDGE_LOOP('',(#642,#643,#644,#645));
#2054=EDGE_LOOP('',(#646,#647,#648,#649));
#2055=EDGE_LOOP('',(#650,#651,#652,#653,#654));
#2056=EDGE_LOOP('',(#655,#656,#657,#658,#659));
#2057=EDGE_LOOP('',(#660,#661,#662,#663));
#2058=EDGE_LOOP('',(#664,#665,#666,#667));
#2059=EDGE_LOOP('',(#668,#669,#670,#671));
#2060=EDGE_LOOP('',(#672,#673,#674,#675));
#2061=EDGE_LOOP('',(#676,#677,#678,#679));
#2062=EDGE_LOOP('',(#680,#681,#682,#683,#684,#685,#686));
#2063=EDGE_LOOP('',(#687,#688,#689,#690,#691,#692,#693));
#2064=EDGE_LOOP('',(#694,#695,#696,#697));
#2065=EDGE_LOOP('',(#698,#699,#700,#701));
#2066=EDGE_LOOP('',(#702,#703,#704,#705));
#2067=EDGE_LOOP('',(#706,#707,#708,#709));
#2068=EDGE_LOOP('',(#710,#711,#712,#713));
#2069=EDGE_LOOP('',(#714,#715,#716,#717));
#2070=EDGE_LOOP('',(#718,#719,#720,#721));
#2071=EDGE_LOOP('',(#722,#723,#724,#725));
#2072=EDGE_LOOP('',(#726,#727,#728,#729));
#2073=EDGE_LOOP('',(#730,#731,#732,#733));
#2074=EDGE_LOOP('',(#734,#735,#736,#737));
#2075=EDGE_LOOP('',(#738,#739,#740,#741));
#2076=EDGE_LOOP('',(#742,#743,#744,#745));
#2077=EDGE_LOOP('',(#746,#747,#748,#749));
#2078=EDGE_LOOP('',(#750,#751,#752,#753));
#2079=EDGE_LOOP('',(#754,#755,#756,#757));
#2080=EDGE_LOOP('',(#758,#759,#760,#761));
#2081=EDGE_LOOP('',(#762,#763,#764,#765));
#2082=EDGE_LOOP('',(#766,#767,#768,#769));
#2083=EDGE_LOOP('',(#770,#771,#772,#773));
#2084=EDGE_LOOP('',(#774,#775,#776,#777));
#2085=EDGE_LOOP('',(#778,#779,#780,#781));
#2086=EDGE_LOOP('',(#782,#783,#784,#785));
#2087=EDGE_LOOP('',(#786,#787,#788,#789));
#2088=EDGE_LOOP('',(#790,#791,#792,#793));
#2089=EDGE_LOOP('',(#794,#795,#796,#797));
#2090=EDGE_LOOP('',(#798,#799,#800,#801));
#2091=EDGE_LOOP('',(#802,#803,#804,#805));
#2092=FACE_BOUND('',#1932,.T.);
#2093=FACE_BOUND('',#1933,.T.);
#2094=FACE_BOUND('',#1934,.T.);
#2095=FACE_BOUND('',#1935,.T.);
#2096=FACE_BOUND('',#1936,.T.);
#2097=FACE_BOUND('',#1937,.T.);
#2098=FACE_BOUND('',#1938,.T.);
#2099=FACE_BOUND('',#1939,.T.);
#2100=FACE_BOUND('',#1940,.T.);
#2101=FACE_BOUND('',#1941,.T.);
#2102=FACE_BOUND('',#1942,.T.);
#2103=FACE_BOUND('',#1943,.T.);
#2104=FACE_BOUND('',#1944,.T.);
#2105=FACE_BOUND('',#1945,.T.);
#2106=FACE_BOUND('',#1946,.T.);
#2107=FACE_BOUND('',#1947,.T.);
#2108=FACE_BOUND('',#1948,.T.);
#2109=FACE_BOUND('',#1949,.T.);
#2110=FACE_BOUND('',#1950,.T.);
#2111=FACE_BOUND('',#1951,.T.);
#2112=FACE_BOUND('',#1952,.T.);
#2113=FACE_BOUND('',#1953,.T.);
#2114=FACE_BOUND('',#1954,.T.);
#2115=FACE_BOUND('',#1955,.T.);
#2116=FACE_BOUND('',#1956,.T.);
#2117=FACE_BOUND('',#1957,.T.);
#2118=FACE_BOUND('',#1958,.T.);
#2119=FACE_BOUND('',#1959,.T.);
#2120=FACE_BOUND('',#1960,.T.);
#2121=FACE_BOUND('',#1961,.T.);
#2122=FACE_BOUND('',#1962,.T.);
#2123=FACE_BOUND('',#1963,.T.);
#2124=FACE_BOUND('',#1964,.T.);
#2125=FACE_BOUND('',#1965,.T.);
#2126=FACE_BOUND('',#1966,.T.);
#2127=FACE_BOUND('',#1967,.T.);
#2128=FACE_BOUND('',#1968,.T.);
#2129=FACE_BOUND('',#1969,.T.);
#2130=FACE_BOUND('',#1970,.T.);
#2131=FACE_BOUND('',#1971,.T.);
#2132=FACE_BOUND('',#1972,.T.);
#2133=FACE_BOUND('',#1973,.T.);
#2134=FACE_BOUND('',#1974,.T.);
#2135=FACE_BOUND('',#1975,.T.);
#2136=FACE_BOUND('',#1976,.T.);
#2137=FACE_BOUND('',#1977,.T.);
#2138=FACE_BOUND('',#1978,.T.);
#2139=FACE_BOUND('',#1979,.T.);
#2140=FACE_BOUND('',#1980,.T.);
#2141=FACE_BOUND('',#1981,.T.);
#2142=FACE_BOUND('',#1982,.T.);
#2143=FACE_BOUND('',#1983,.T.);
#2144=FACE_BOUND('',#1984,.T.);
#2145=FACE_BOUND('',#1985,.T.);
#2146=FACE_BOUND('',#1986,.T.);
#2147=FACE_BOUND('',#1987,.T.);
#2148=FACE_BOUND('',#1988,.T.);
#2149=FACE_BOUND('',#1989,.T.);
#2150=FACE_BOUND('',#1990,.T.);
#2151=FACE_BOUND('',#1991,.T.);
#2152=FACE_BOUND('',#1992,.T.);
#2153=FACE_BOUND('',#1993,.T.);
#2154=FACE_BOUND('',#1994,.T.);
#2155=FACE_BOUND('',#1995,.T.);
#2156=FACE_BOUND('',#1996,.T.);
#2157=FACE_BOUND('',#1997,.T.);
#2158=FACE_BOUND('',#1998,.T.);
#2159=FACE_BOUND('',#1999,.T.);
#2160=FACE_BOUND('',#2000,.T.);
#2161=FACE_BOUND('',#2001,.T.);
#2162=FACE_BOUND('',#2002,.T.);
#2163=FACE_BOUND('',#2003,.T.);
#2164=FACE_BOUND('',#2004,.T.);
#2165=FACE_BOUND('',#2005,.T.);
#2166=FACE_BOUND('',#2006,.T.);
#2167=FACE_BOUND('',#2007,.T.);
#2168=FACE_BOUND('',#2008,.T.);
#2169=FACE_BOUND('',#2009,.T.);
#2170=FACE_BOUND('',#2010,.T.);
#2171=FACE_BOUND('',#2011,.T.);
#2172=FACE_BOUND('',#2012,.T.);
#2173=FACE_BOUND('',#2013,.T.);
#2174=FACE_BOUND('',#2014,.T.);
#2175=FACE_BOUND('',#2015,.T.);
#2176=FACE_BOUND('',#2016,.T.);
#2177=FACE_BOUND('',#2017,.T.);
#2178=FACE_BOUND('',#2018,.T.);
#2179=FACE_BOUND('',#2019,.T.);
#2180=FACE_BOUND('',#2020,.T.);
#2181=FACE_BOUND('',#2021,.T.);
#2182=FACE_BOUND('',#2022,.T.);
#2183=FACE_BOUND('',#2023,.T.);
#2184=FACE_BOUND('',#2024,.T.);
#2185=FACE_BOUND('',#2025,.T.);
#2186=FACE_BOUND('',#2026,.T.);
#2187=FACE_BOUND('',#2027,.T.);
#2188=FACE_BOUND('',#2028,.T.);
#2189=FACE_BOUND('',#2029,.T.);
#2190=FACE_BOUND('',#2030,.T.);
#2191=FACE_BOUND('',#2031,.T.);
#2192=FACE_BOUND('',#2032,.T.);
#2193=FACE_BOUND('',#2033,.T.);
#2194=FACE_BOUND('',#2034,.T.);
#2195=FACE_BOUND('',#2035,.T.);
#2196=FACE_BOUND('',#2036,.T.);
#2197=FACE_BOUND('',#2037,.T.);
#2198=FACE_BOUND('',#2038,.T.);
#2199=FACE_BOUND('',#2039,.T.);
#2200=FACE_BOUND('',#2040,.T.);
#2201=FACE_BOUND('',#2041,.T.);
#2202=FACE_BOUND('',#2042,.T.);
#2203=FACE_BOUND('',#2043,.T.);
#2204=FACE_BOUND('',#2044,.T.);
#2205=FACE_BOUND('',#2045,.T.);
#2206=FACE_BOUND('',#2046,.T.);
#2207=FACE_BOUND('',#2047,.T.);
#2208=FACE_BOUND('',#2048,.T.);
#2209=FACE_BOUND('',#2049,.T.);
#2210=FACE_BOUND('',#2050,.T.);
#2211=FACE_BOUND('',#2051,.T.);
#2212=FACE_BOUND('',#2052,.T.);
#2213=FACE_BOUND('',#2053,.T.);
#2214=FACE_BOUND('',#2054,.T.);
#2215=FACE_BOUND('',#2055,.T.);
#2216=FACE_BOUND('',#2056,.T.);
#2217=FACE_BOUND('',#2057,.T.);
#2218=FACE_BOUND('',#2058,.T.);
#2219=FACE_BOUND('',#2059,.T.);
#2220=FACE_BOUND('',#2060,.T.);
#2221=FACE_BOUND('',#2061,.T.);
#2222=FACE_BOUND('',#2062,.T.);
#2223=FACE_BOUND('',#2063,.T.);
#2224=FACE_BOUND('',#2064,.T.);
#2225=FACE_BOUND('',#2065,.T.);
#2226=FACE_BOUND('',#2066,.T.);
#2227=FACE_BOUND('',#2067,.T.);
#2228=FACE_BOUND('',#2068,.T.);
#2229=FACE_BOUND('',#2069,.T.);
#2230=FACE_BOUND('',#2070,.T.);
#2231=FACE_BOUND('',#2071,.T.);
#2232=FACE_BOUND('',#2072,.T.);
#2233=FACE_BOUND('',#2073,.T.);
#2234=FACE_BOUND('',#2074,.T.);
#2235=FACE_BOUND('',#2075,.T.);
#2236=FACE_BOUND('',#2076,.T.);
#2237=FACE_BOUND('',#2077,.T.);
#2238=FACE_BOUND('',#2078,.T.);
#2239=FACE_BOUND('',#2079,.T.);
#2240=FACE_BOUND('',#2080,.T.);
#2241=FACE_BOUND('',#2081,.T.);
#2242=FACE_BOUND('',#2082,.T.);
#2243=FACE_BOUND('',#2083,.T.);
#2244=FACE_BOUND('',#2084,.T.);
#2245=FACE_BOUND('',#2085,.T.);
#2246=FACE_BOUND('',#2086,.T.);
#2247=FACE_BOUND('',#2087,.T.);
#2248=FACE_BOUND('',#2088,.T.);
#2249=FACE_BOUND('',#2089,.T.);
#2250=FACE_BOUND('',#2090,.T.);
#2251=FACE_BOUND('',#2091,.T.);
#2252=PLANE('',#2577);
#2253=PLANE('',#2578);
#2254=PLANE('',#2579);
#2255=PLANE('',#2580);
#2256=PLANE('',#2581);
#2257=PLANE('',#2582);
#2258=PLANE('',#2583);
#2259=PLANE('',#2584);
#2260=PLANE('',#2585);
#2261=PLANE('',#2586);
#2262=PLANE('',#2588);
#2263=PLANE('',#2589);
#2264=PLANE('',#2590);
#2265=PLANE('',#2591);
#2266=PLANE('',#2592);
#2267=PLANE('',#2593);
#2268=PLANE('',#2594);
#2269=PLANE('',#2595);
#2270=PLANE('',#2596);
#2271=PLANE('',#2597);
#2272=PLANE('',#2598);
#2273=PLANE('',#2599);
#2274=PLANE('',#2600);
#2275=PLANE('',#2601);
#2276=PLANE('',#2602);
#2277=PLANE('',#2603);
#2278=PLANE('',#2604);
#2279=PLANE('',#2605);
#2280=PLANE('',#2606);
#2281=PLANE('',#2607);
#2282=PLANE('',#2608);
#2283=PLANE('',#2609);
#2284=PLANE('',#2610);
#2285=PLANE('',#2611);
#2286=PLANE('',#2612);
#2287=PLANE('',#2613);
#2288=PLANE('',#2614);
#2289=PLANE('',#2615);
#2290=PLANE('',#2616);
#2291=PLANE('',#2617);
#2292=PLANE('',#2618);
#2293=PLANE('',#2619);
#2294=PLANE('',#2620);
#2295=PLANE('',#2621);
#2296=PLANE('',#2622);
#2297=PLANE('',#2625);
#2298=PLANE('',#2626);
#2299=PLANE('',#2627);
#2300=PLANE('',#2630);
#2301=PLANE('',#2635);
#2302=PLANE('',#2638);
#2303=PLANE('',#2643);
#2304=PLANE('',#2644);
#2305=PLANE('',#2645);
#2306=PLANE('',#2646);
#2307=PLANE('',#2647);
#2308=PLANE('',#2648);
#2309=PLANE('',#2649);
#2310=PLANE('',#2650);
#2311=PLANE('',#2651);
#2312=PLANE('',#2652);
#2313=PLANE('',#2655);
#2314=PLANE('',#2660);
#2315=PLANE('',#2663);
#2316=PLANE('',#2668);
#2317=PLANE('',#2671);
#2318=PLANE('',#2676);
#2319=PLANE('',#2679);
#2320=PLANE('',#2684);
#2321=PLANE('',#2687);
#2322=PLANE('',#2693);
#2323=PLANE('',#2694);
#2324=PLANE('',#2695);
#2325=PLANE('',#2696);
#2326=PLANE('',#2697);
#2327=PLANE('',#2698);
#2328=PLANE('',#2699);
#2329=PLANE('',#2700);
#2330=PLANE('',#2701);
#2331=PLANE('',#2702);
#2332=PLANE('',#2703);
#2333=PLANE('',#2704);
#2334=PLANE('',#2705);
#2335=PLANE('',#2706);
#2336=PLANE('',#2707);
#2337=PLANE('',#2708);
#2338=PLANE('',#2709);
#2339=PLANE('',#2710);
#2340=PLANE('',#2711);
#2341=PLANE('',#2712);
#2342=PLANE('',#2713);
#2343=PLANE('',#2714);
#2344=PLANE('',#2715);
#2345=PLANE('',#2716);
#2346=PLANE('',#2717);
#2347=PLANE('',#2718);
#2348=PLANE('',#2719);
#2349=PLANE('',#2720);
#2350=PLANE('',#2721);
#2351=PLANE('',#2722);
#2352=PLANE('',#2723);
#2353=PLANE('',#2724);
#2354=PLANE('',#2725);
#2355=PLANE('',#2726);
#2356=PLANE('',#2727);
#2357=PLANE('',#2728);
#2358=PLANE('',#2729);
#2359=PLANE('',#2730);
#2360=PLANE('',#2731);
#2361=PLANE('',#2732);
#2362=PLANE('',#2733);
#2363=PLANE('',#2734);
#2364=PLANE('',#2735);
#2365=PLANE('',#2736);
#2366=PLANE('',#2739);
#2367=PLANE('',#2740);
#2368=PLANE('',#2741);
#2369=PLANE('',#2744);
#2370=PLANE('',#2749);
#2371=PLANE('',#2752);
#2372=PLANE('',#2757);
#2373=PLANE('',#2760);
#2374=PLANE('',#2765);
#2375=PLANE('',#2768);
#2376=PLANE('',#2773);
#2377=PLANE('',#2776);
#2378=PLANE('',#2781);
#2379=PLANE('',#2784);
#2380=PLANE('',#2789);
#2381=PLANE('',#2792);
#2382=ADVANCED_FACE('',(#2092),#2252,.T.);
#2383=ADVANCED_FACE('',(#2093),#2253,.T.);
#2384=ADVANCED_FACE('',(#2094),#2254,.T.);
#2385=ADVANCED_FACE('',(#2095),#2255,.T.);
#2386=ADVANCED_FACE('',(#2096),#2256,.T.);
#2387=ADVANCED_FACE('',(#2097),#2257,.T.);
#2388=ADVANCED_FACE('',(#2098),#2258,.T.);
#2389=ADVANCED_FACE('',(#2099),#2259,.T.);
#2390=ADVANCED_FACE('',(#2100),#2260,.F.);
#2391=ADVANCED_FACE('',(#2101),#2261,.T.);
#2392=ADVANCED_FACE('',(#2102),#2262,.F.);
#2393=ADVANCED_FACE('',(#2103),#2263,.F.);
#2394=ADVANCED_FACE('',(#2104),#2264,.T.);
#2395=ADVANCED_FACE('',(#2105),#2265,.T.);
#2396=ADVANCED_FACE('',(#2106),#2266,.F.);
#2397=ADVANCED_FACE('',(#2107),#2267,.T.);
#2398=ADVANCED_FACE('',(#2108),#2268,.F.);
#2399=ADVANCED_FACE('',(#2109),#2269,.F.);
#2400=ADVANCED_FACE('',(#2110),#2270,.T.);
#2401=ADVANCED_FACE('',(#2111),#2271,.T.);
#2402=ADVANCED_FACE('',(#2112),#2272,.F.);
#2403=ADVANCED_FACE('',(#2113),#2273,.F.);
#2404=ADVANCED_FACE('',(#2114),#2274,.T.);
#2405=ADVANCED_FACE('',(#2115),#2275,.F.);
#2406=ADVANCED_FACE('',(#2116),#2276,.F.);
#2407=ADVANCED_FACE('',(#2117),#2277,.F.);
#2408=ADVANCED_FACE('',(#2118),#2278,.T.);
#2409=ADVANCED_FACE('',(#2119),#2279,.T.);
#2410=ADVANCED_FACE('',(#2120),#2280,.F.);
#2411=ADVANCED_FACE('',(#2121),#2281,.T.);
#2412=ADVANCED_FACE('',(#2122),#2282,.F.);
#2413=ADVANCED_FACE('',(#2123),#2283,.F.);
#2414=ADVANCED_FACE('',(#2124),#2284,.F.);
#2415=ADVANCED_FACE('',(#2125),#2285,.T.);
#2416=ADVANCED_FACE('',(#2126),#2286,.T.);
#2417=ADVANCED_FACE('',(#2127),#2287,.T.);
#2418=ADVANCED_FACE('',(#2128),#2288,.F.);
#2419=ADVANCED_FACE('',(#2129),#2289,.T.);
#2420=ADVANCED_FACE('',(#2130),#2290,.F.);
#2421=ADVANCED_FACE('',(#2131),#2291,.F.);
#2422=ADVANCED_FACE('',(#2132),#2292,.T.);
#2423=ADVANCED_FACE('',(#2133),#2293,.F.);
#2424=ADVANCED_FACE('',(#2134),#2294,.F.);
#2425=ADVANCED_FACE('',(#2135),#2295,.T.);
#2426=ADVANCED_FACE('',(#2136),#2296,.F.);
#2427=ADVANCED_FACE('',(#2137),#98,.F.);
#2428=ADVANCED_FACE('',(#2138),#2297,.F.);
#2429=ADVANCED_FACE('',(#2139),#2298,.T.);
#2430=ADVANCED_FACE('',(#2140),#2299,.F.);
#2431=ADVANCED_FACE('',(#2141),#2300,.T.);
#2432=ADVANCED_FACE('',(#2142),#10,.T.);
#2433=ADVANCED_FACE('',(#2143),#11,.F.);
#2434=ADVANCED_FACE('',(#2144),#2301,.F.);
#2435=ADVANCED_FACE('',(#2145),#2302,.T.);
#2436=ADVANCED_FACE('',(#2146),#12,.T.);
#2437=ADVANCED_FACE('',(#2147),#13,.F.);
#2438=ADVANCED_FACE('',(#2148),#2303,.T.);
#2439=ADVANCED_FACE('',(#2149),#2304,.F.);
#2440=ADVANCED_FACE('',(#2150),#2305,.F.);
#2441=ADVANCED_FACE('',(#2151),#2306,.T.);
#2442=ADVANCED_FACE('',(#2152),#2307,.T.);
#2443=ADVANCED_FACE('',(#2153),#2308,.F.);
#2444=ADVANCED_FACE('',(#2154),#2309,.T.);
#2445=ADVANCED_FACE('',(#2155),#2310,.F.);
#2446=ADVANCED_FACE('',(#2156),#2311,.T.);
#2447=ADVANCED_FACE('',(#2157),#2312,.F.);
#2448=ADVANCED_FACE('',(#2158),#2313,.T.);
#2449=ADVANCED_FACE('',(#2159),#14,.T.);
#2450=ADVANCED_FACE('',(#2160),#15,.F.);
#2451=ADVANCED_FACE('',(#2161),#2314,.F.);
#2452=ADVANCED_FACE('',(#2162),#2315,.T.);
#2453=ADVANCED_FACE('',(#2163),#16,.T.);
#2454=ADVANCED_FACE('',(#2164),#17,.F.);
#2455=ADVANCED_FACE('',(#2165),#2316,.F.);
#2456=ADVANCED_FACE('',(#2166),#2317,.T.);
#2457=ADVANCED_FACE('',(#2167),#18,.T.);
#2458=ADVANCED_FACE('',(#2168),#19,.F.);
#2459=ADVANCED_FACE('',(#2169),#2318,.F.);
#2460=ADVANCED_FACE('',(#2170),#2319,.T.);
#2461=ADVANCED_FACE('',(#2171),#20,.T.);
#2462=ADVANCED_FACE('',(#2172),#21,.F.);
#2463=ADVANCED_FACE('',(#2173),#2320,.F.);
#2464=ADVANCED_FACE('',(#2174),#2321,.T.);
#2465=ADVANCED_FACE('',(#2175),#22,.T.);
#2466=ADVANCED_FACE('',(#2176),#23,.F.);
#2467=ADVANCED_FACE('',(#2177),#2322,.F.);
#2468=ADVANCED_FACE('',(#2178),#2323,.F.);
#2469=ADVANCED_FACE('',(#2179),#2324,.T.);
#2470=ADVANCED_FACE('',(#2180),#2325,.T.);
#2471=ADVANCED_FACE('',(#2181),#2326,.T.);
#2472=ADVANCED_FACE('',(#2182),#2327,.F.);
#2473=ADVANCED_FACE('',(#2183),#2328,.F.);
#2474=ADVANCED_FACE('',(#2184),#2329,.F.);
#2475=ADVANCED_FACE('',(#2185),#2330,.T.);
#2476=ADVANCED_FACE('',(#2186),#2331,.T.);
#2477=ADVANCED_FACE('',(#2187),#2332,.F.);
#2478=ADVANCED_FACE('',(#2188),#2333,.T.);
#2479=ADVANCED_FACE('',(#2189),#2334,.F.);
#2480=ADVANCED_FACE('',(#2190),#2335,.F.);
#2481=ADVANCED_FACE('',(#2191),#2336,.F.);
#2482=ADVANCED_FACE('',(#2192),#2337,.T.);
#2483=ADVANCED_FACE('',(#2193),#2338,.T.);
#2484=ADVANCED_FACE('',(#2194),#2339,.F.);
#2485=ADVANCED_FACE('',(#2195),#2340,.T.);
#2486=ADVANCED_FACE('',(#2196),#2341,.F.);
#2487=ADVANCED_FACE('',(#2197),#2342,.F.);
#2488=ADVANCED_FACE('',(#2198),#2343,.T.);
#2489=ADVANCED_FACE('',(#2199),#2344,.T.);
#2490=ADVANCED_FACE('',(#2200),#2345,.F.);
#2491=ADVANCED_FACE('',(#2201),#2346,.T.);
#2492=ADVANCED_FACE('',(#2202),#2347,.F.);
#2493=ADVANCED_FACE('',(#2203),#2348,.F.);
#2494=ADVANCED_FACE('',(#2204),#2349,.T.);
#2495=ADVANCED_FACE('',(#2205),#2350,.T.);
#2496=ADVANCED_FACE('',(#2206),#2351,.F.);
#2497=ADVANCED_FACE('',(#2207),#2352,.F.);
#2498=ADVANCED_FACE('',(#2208),#2353,.T.);
#2499=ADVANCED_FACE('',(#2209),#2354,.T.);
#2500=ADVANCED_FACE('',(#2210),#2355,.T.);
#2501=ADVANCED_FACE('',(#2211),#2356,.F.);
#2502=ADVANCED_FACE('',(#2212),#2357,.T.);
#2503=ADVANCED_FACE('',(#2213),#2358,.T.);
#2504=ADVANCED_FACE('',(#2214),#2359,.T.);
#2505=ADVANCED_FACE('',(#2215),#2360,.F.);
#2506=ADVANCED_FACE('',(#2216),#2361,.T.);
#2507=ADVANCED_FACE('',(#2217),#2362,.T.);
#2508=ADVANCED_FACE('',(#2218),#2363,.T.);
#2509=ADVANCED_FACE('',(#2219),#2364,.F.);
#2510=ADVANCED_FACE('',(#2220),#2365,.T.);
#2511=ADVANCED_FACE('',(#2221),#99,.F.);
#2512=ADVANCED_FACE('',(#2222),#2366,.F.);
#2513=ADVANCED_FACE('',(#2223),#2367,.T.);
#2514=ADVANCED_FACE('',(#2224),#2368,.F.);
#2515=ADVANCED_FACE('',(#2225),#2369,.T.);
#2516=ADVANCED_FACE('',(#2226),#24,.T.);
#2517=ADVANCED_FACE('',(#2227),#25,.F.);
#2518=ADVANCED_FACE('',(#2228),#2370,.F.);
#2519=ADVANCED_FACE('',(#2229),#2371,.T.);
#2520=ADVANCED_FACE('',(#2230),#26,.T.);
#2521=ADVANCED_FACE('',(#2231),#27,.F.);
#2522=ADVANCED_FACE('',(#2232),#2372,.F.);
#2523=ADVANCED_FACE('',(#2233),#2373,.T.);
#2524=ADVANCED_FACE('',(#2234),#28,.T.);
#2525=ADVANCED_FACE('',(#2235),#29,.F.);
#2526=ADVANCED_FACE('',(#2236),#2374,.F.);
#2527=ADVANCED_FACE('',(#2237),#2375,.T.);
#2528=ADVANCED_FACE('',(#2238),#30,.T.);
#2529=ADVANCED_FACE('',(#2239),#31,.F.);
#2530=ADVANCED_FACE('',(#2240),#2376,.F.);
#2531=ADVANCED_FACE('',(#2241),#2377,.T.);
#2532=ADVANCED_FACE('',(#2242),#32,.T.);
#2533=ADVANCED_FACE('',(#2243),#33,.F.);
#2534=ADVANCED_FACE('',(#2244),#2378,.F.);
#2535=ADVANCED_FACE('',(#2245),#2379,.T.);
#2536=ADVANCED_FACE('',(#2246),#34,.T.);
#2537=ADVANCED_FACE('',(#2247),#35,.F.);
#2538=ADVANCED_FACE('',(#2248),#2380,.F.);
#2539=ADVANCED_FACE('',(#2249),#2381,.T.);
#2540=ADVANCED_FACE('',(#2250),#36,.T.);
#2541=ADVANCED_FACE('',(#2251),#37,.F.);
#2542=CLOSED_SHELL('',(#2382,#2383,#2384,#2385,#2386,#2387,#2388,#2389,
#2390,#2391));
#2543=CLOSED_SHELL('',(#2392,#2393,#2394,#2395,#2396,#2397,#2398,#2399,
#2400,#2401,#2402,#2403,#2404,#2405,#2406,#2407,#2408,#2409,#2410,#2411,
#2412,#2413,#2414,#2415,#2416,#2417,#2418,#2419,#2420,#2421,#2422,#2423,
#2424,#2425,#2426,#2427,#2428,#2429,#2430,#2431,#2432,#2433,#2434,#2435,
#2436,#2437,#2438,#2439,#2440,#2441,#2442,#2443,#2444,#2445,#2446,#2447,
#2448,#2449,#2450,#2451,#2452,#2453,#2454,#2455,#2456,#2457,#2458,#2459,
#2460,#2461,#2462,#2463,#2464,#2465,#2466));
#2544=CLOSED_SHELL('',(#2467,#2468,#2469,#2470,#2471,#2472,#2473,#2474,
#2475,#2476,#2477,#2478,#2479,#2480,#2481,#2482,#2483,#2484,#2485,#2486,
#2487,#2488,#2489,#2490,#2491,#2492,#2493,#2494,#2495,#2496,#2497,#2498,
#2499,#2500,#2501,#2502,#2503,#2504,#2505,#2506,#2507,#2508,#2509,#2510,
#2511,#2512,#2513,#2514,#2515,#2516,#2517,#2518,#2519,#2520,#2521,#2522,
#2523,#2524,#2525,#2526,#2527,#2528,#2529,#2530,#2531,#2532,#2533,#2534,
#2535,#2536,#2537,#2538,#2539,#2540,#2541));
#2545=STYLED_ITEM('',(#2548),#2567);
#2546=STYLED_ITEM('',(#2549),#2568);
#2547=STYLED_ITEM('',(#2550),#2569);
#2548=PRESENTATION_STYLE_ASSIGNMENT((#2551));
#2549=PRESENTATION_STYLE_ASSIGNMENT((#2552));
#2550=PRESENTATION_STYLE_ASSIGNMENT((#2553));
#2551=SURFACE_STYLE_USAGE(.BOTH.,#2554);
#2552=SURFACE_STYLE_USAGE(.BOTH.,#2555);
#2553=SURFACE_STYLE_USAGE(.BOTH.,#2556);
#2554=SURFACE_SIDE_STYLE('',(#2557));
#2555=SURFACE_SIDE_STYLE('',(#2558));
#2556=SURFACE_SIDE_STYLE('',(#2559));
#2557=SURFACE_STYLE_FILL_AREA(#2560);
#2558=SURFACE_STYLE_FILL_AREA(#2561);
#2559=SURFACE_STYLE_FILL_AREA(#2562);
#2560=FILL_AREA_STYLE('',(#2563));
#2561=FILL_AREA_STYLE('',(#2564));
#2562=FILL_AREA_STYLE('',(#2565));
#2563=FILL_AREA_STYLE_COLOUR('',#2566);
#2564=FILL_AREA_STYLE_COLOUR('',#2566);
#2565=FILL_AREA_STYLE_COLOUR('',#2566);
#2566=COLOUR_RGB('',0.647058823529412,0.647058823529412,0.647058823529412);
#2567=MANIFOLD_SOLID_BREP('Part 4',#2542);
#2568=MANIFOLD_SOLID_BREP('Part 2',#2543);
#2569=MANIFOLD_SOLID_BREP('Part 3',#2544);
#2570=SHAPE_DEFINITION_REPRESENTATION(#4298,#2573);
#2571=SHAPE_DEFINITION_REPRESENTATION(#4299,#2574);
#2572=SHAPE_DEFINITION_REPRESENTATION(#4300,#2575);
#2573=SHAPE_REPRESENTATION('Part 4',(#2576),#4283);
#2574=SHAPE_REPRESENTATION('Part 2',(#2587),#4284);
#2575=SHAPE_REPRESENTATION('Part 3',(#2692),#4285);
#2576=AXIS2_PLACEMENT_3D('',#3529,#2797,#2798);
#2577=AXIS2_PLACEMENT_3D('',#3530,#2799,#2800);
#2578=AXIS2_PLACEMENT_3D('',#3539,#2805,#2806);
#2579=AXIS2_PLACEMENT_3D('',#3545,#2810,#2811);
#2580=AXIS2_PLACEMENT_3D('',#3551,#2815,#2816);
#2581=AXIS2_PLACEMENT_3D('',#3557,#2820,#2821);
#2582=AXIS2_PLACEMENT_3D('',#3563,#2825,#2826);
#2583=AXIS2_PLACEMENT_3D('',#3569,#2830,#2831);
#2584=AXIS2_PLACEMENT_3D('',#3575,#2835,#2836);
#2585=AXIS2_PLACEMENT_3D('',#3578,#2839,#2840);
#2586=AXIS2_PLACEMENT_3D('',#3579,#2841,#2842);
#2587=AXIS2_PLACEMENT_3D('',#3580,#2843,#2844);
#2588=AXIS2_PLACEMENT_3D('',#3581,#2845,#2846);
#2589=AXIS2_PLACEMENT_3D('',#3590,#2851,#2852);
#2590=AXIS2_PLACEMENT_3D('',#3599,#2857,#2858);
#2591=AXIS2_PLACEMENT_3D('',#3605,#2862,#2863);
#2592=AXIS2_PLACEMENT_3D('',#3608,#2866,#2867);
#2593=AXIS2_PLACEMENT_3D('',#3614,#2871,#2872);
#2594=AXIS2_PLACEMENT_3D('',#3616,#2874,#2875);
#2595=AXIS2_PLACEMENT_3D('',#3618,#2877,#2878);
#2596=AXIS2_PLACEMENT_3D('',#3627,#2883,#2884);
#2597=AXIS2_PLACEMENT_3D('',#3636,#2889,#2890);
#2598=AXIS2_PLACEMENT_3D('',#3639,#2893,#2894);
#2599=AXIS2_PLACEMENT_3D('',#3648,#2899,#2900);
#2600=AXIS2_PLACEMENT_3D('',#3651,#2903,#2904);
#2601=AXIS2_PLACEMENT_3D('',#3653,#2906,#2907);
#2602=AXIS2_PLACEMENT_3D('',#3655,#2909,#2910);
#2603=AXIS2_PLACEMENT_3D('',#3664,#2915,#2916);
#2604=AXIS2_PLACEMENT_3D('',#3673,#2921,#2922);
#2605=AXIS2_PLACEMENT_3D('',#3679,#2926,#2927);
#2606=AXIS2_PLACEMENT_3D('',#3682,#2930,#2931);
#2607=AXIS2_PLACEMENT_3D('',#3688,#2935,#2936);
#2608=AXIS2_PLACEMENT_3D('',#3690,#2938,#2939);
#2609=AXIS2_PLACEMENT_3D('',#3692,#2941,#2942);
#2610=AXIS2_PLACEMENT_3D('',#3701,#2947,#2948);
#2611=AXIS2_PLACEMENT_3D('',#3710,#2953,#2954);
#2612=AXIS2_PLACEMENT_3D('',#3716,#2958,#2959);
#2613=AXIS2_PLACEMENT_3D('',#3719,#2962,#2963);
#2614=AXIS2_PLACEMENT_3D('',#3721,#2965,#2966);
#2615=AXIS2_PLACEMENT_3D('',#3723,#2968,#2969);
#2616=AXIS2_PLACEMENT_3D('',#3732,#2974,#2975);
#2617=AXIS2_PLACEMENT_3D('',#3741,#2980,#2981);
#2618=AXIS2_PLACEMENT_3D('',#3746,#2985,#2986);
#2619=AXIS2_PLACEMENT_3D('',#3751,#2990,#2991);
#2620=AXIS2_PLACEMENT_3D('',#3760,#2996,#2997);
#2621=AXIS2_PLACEMENT_3D('',#3766,#3001,#3002);
#2622=AXIS2_PLACEMENT_3D('',#3775,#3007,#3008);
#2623=AXIS2_PLACEMENT_3D('',#3803,#3012,#3013);
#2624=AXIS2_PLACEMENT_3D('',#3804,#3014,#3015);
#2625=AXIS2_PLACEMENT_3D('',#3805,#3016,#3017);
#2626=AXIS2_PLACEMENT_3D('',#3809,#3020,#3021);
#2627=AXIS2_PLACEMENT_3D('',#3813,#3024,#3025);
#2628=AXIS2_PLACEMENT_3D('',#3814,#3026,#3027);
#2629=AXIS2_PLACEMENT_3D('',#3816,#3029,#3030);
#2630=AXIS2_PLACEMENT_3D('',#3817,#3031,#3032);
#2631=AXIS2_PLACEMENT_3D('',#3818,#3033,#3034);
#2632=AXIS2_PLACEMENT_3D('',#3819,#3035,#3036);
#2633=AXIS2_PLACEMENT_3D('',#3820,#3037,#3038);
#2634=AXIS2_PLACEMENT_3D('',#3821,#3039,#3040);
#2635=AXIS2_PLACEMENT_3D('',#3822,#3041,#3042);
#2636=AXIS2_PLACEMENT_3D('',#3823,#3043,#3044);
#2637=AXIS2_PLACEMENT_3D('',#3824,#3045,#3046);
#2638=AXIS2_PLACEMENT_3D('',#3825,#3047,#3048);
#2639=AXIS2_PLACEMENT_3D('',#3826,#3049,#3050);
#2640=AXIS2_PLACEMENT_3D('',#3827,#3051,#3052);
#2641=AXIS2_PLACEMENT_3D('',#3828,#3053,#3054);
#2642=AXIS2_PLACEMENT_3D('',#3829,#3055,#3056);
#2643=AXIS2_PLACEMENT_3D('',#3830,#3057,#3058);
#2644=AXIS2_PLACEMENT_3D('',#3839,#3063,#3064);
#2645=AXIS2_PLACEMENT_3D('',#3848,#3069,#3070);
#2646=AXIS2_PLACEMENT_3D('',#3853,#3074,#3075);
#2647=AXIS2_PLACEMENT_3D('',#3858,#3079,#3080);
#2648=AXIS2_PLACEMENT_3D('',#3867,#3085,#3086);
#2649=AXIS2_PLACEMENT_3D('',#3876,#3091,#3092);
#2650=AXIS2_PLACEMENT_3D('',#3882,#3096,#3097);
#2651=AXIS2_PLACEMENT_3D('',#3885,#3100,#3101);
#2652=AXIS2_PLACEMENT_3D('',#3888,#3104,#3105);
#2653=AXIS2_PLACEMENT_3D('',#3889,#3106,#3107);
#2654=AXIS2_PLACEMENT_3D('',#3890,#3108,#3109);
#2655=AXIS2_PLACEMENT_3D('',#3891,#3110,#3111);
#2656=AXIS2_PLACEMENT_3D('',#3892,#3112,#3113);
#2657=AXIS2_PLACEMENT_3D('',#3893,#3114,#3115);
#2658=AXIS2_PLACEMENT_3D('',#3894,#3116,#3117);
#2659=AXIS2_PLACEMENT_3D('',#3895,#3118,#3119);
#2660=AXIS2_PLACEMENT_3D('',#3896,#3120,#3121);
#2661=AXIS2_PLACEMENT_3D('',#3898,#3123,#3124);
#2662=AXIS2_PLACEMENT_3D('',#3899,#3125,#3126);
#2663=AXIS2_PLACEMENT_3D('',#3900,#3127,#3128);
#2664=AXIS2_PLACEMENT_3D('',#3901,#3129,#3130);
#2665=AXIS2_PLACEMENT_3D('',#3902,#3131,#3132);
#2666=AXIS2_PLACEMENT_3D('',#3903,#3133,#3134);
#2667=AXIS2_PLACEMENT_3D('',#3904,#3135,#3136);
#2668=AXIS2_PLACEMENT_3D('',#3905,#3137,#3138);
#2669=AXIS2_PLACEMENT_3D('',#3906,#3139,#3140);
#2670=AXIS2_PLACEMENT_3D('',#3907,#3141,#3142);
#2671=AXIS2_PLACEMENT_3D('',#3908,#3143,#3144);
#2672=AXIS2_PLACEMENT_3D('',#3909,#3145,#3146);
#2673=AXIS2_PLACEMENT_3D('',#3910,#3147,#3148);
#2674=AXIS2_PLACEMENT_3D('',#3911,#3149,#3150);
#2675=AXIS2_PLACEMENT_3D('',#3912,#3151,#3152);
#2676=AXIS2_PLACEMENT_3D('',#3913,#3153,#3154);
#2677=AXIS2_PLACEMENT_3D('',#3915,#3156,#3157);
#2678=AXIS2_PLACEMENT_3D('',#3916,#3158,#3159);
#2679=AXIS2_PLACEMENT_3D('',#3917,#3160,#3161);
#2680=AXIS2_PLACEMENT_3D('',#3918,#3162,#3163);
#2681=AXIS2_PLACEMENT_3D('',#3919,#3164,#3165);
#2682=AXIS2_PLACEMENT_3D('',#3920,#3166,#3167);
#2683=AXIS2_PLACEMENT_3D('',#3921,#3168,#3169);
#2684=AXIS2_PLACEMENT_3D('',#3922,#3170,#3171);
#2685=AXIS2_PLACEMENT_3D('',#3923,#3172,#3173);
#2686=AXIS2_PLACEMENT_3D('',#3924,#3174,#3175);
#2687=AXIS2_PLACEMENT_3D('',#3925,#3176,#3177);
#2688=AXIS2_PLACEMENT_3D('',#3926,#3178,#3179);
#2689=AXIS2_PLACEMENT_3D('',#3927,#3180,#3181);
#2690=AXIS2_PLACEMENT_3D('',#3928,#3182,#3183);
#2691=AXIS2_PLACEMENT_3D('',#3929,#3184,#3185);
#2692=AXIS2_PLACEMENT_3D('',#3930,#3186,#3187);
#2693=AXIS2_PLACEMENT_3D('',#3931,#3188,#3189);
#2694=AXIS2_PLACEMENT_3D('',#3940,#3194,#3195);
#2695=AXIS2_PLACEMENT_3D('',#3949,#3200,#3201);
#2696=AXIS2_PLACEMENT_3D('',#3955,#3205,#3206);
#2697=AXIS2_PLACEMENT_3D('',#3958,#3209,#3210);
#2698=AXIS2_PLACEMENT_3D('',#3960,#3212,#3213);
#2699=AXIS2_PLACEMENT_3D('',#3962,#3215,#3216);
#2700=AXIS2_PLACEMENT_3D('',#3971,#3221,#3222);
#2701=AXIS2_PLACEMENT_3D('',#3980,#3227,#3228);
#2702=AXIS2_PLACEMENT_3D('',#3986,#3232,#3233);
#2703=AXIS2_PLACEMENT_3D('',#3989,#3236,#3237);
#2704=AXIS2_PLACEMENT_3D('',#3995,#3241,#3242);
#2705=AXIS2_PLACEMENT_3D('',#3997,#3244,#3245);
#2706=AXIS2_PLACEMENT_3D('',#3999,#3247,#3248);
#2707=AXIS2_PLACEMENT_3D('',#4008,#3253,#3254);
#2708=AXIS2_PLACEMENT_3D('',#4017,#3259,#3260);
#2709=AXIS2_PLACEMENT_3D('',#4023,#3264,#3265);
#2710=AXIS2_PLACEMENT_3D('',#4026,#3268,#3269);
#2711=AXIS2_PLACEMENT_3D('',#4032,#3273,#3274);
#2712=AXIS2_PLACEMENT_3D('',#4034,#3276,#3277);
#2713=AXIS2_PLACEMENT_3D('',#4036,#3279,#3280);
#2714=AXIS2_PLACEMENT_3D('',#4045,#3285,#3286);
#2715=AXIS2_PLACEMENT_3D('',#4051,#3290,#3291);
#2716=AXIS2_PLACEMENT_3D('',#4057,#3295,#3296);
#2717=AXIS2_PLACEMENT_3D('',#4063,#3300,#3301);
#2718=AXIS2_PLACEMENT_3D('',#4065,#3303,#3304);
#2719=AXIS2_PLACEMENT_3D('',#4067,#3306,#3307);
#2720=AXIS2_PLACEMENT_3D('',#4076,#3312,#3313);
#2721=AXIS2_PLACEMENT_3D('',#4085,#3318,#3319);
#2722=AXIS2_PLACEMENT_3D('',#4094,#3324,#3325);
#2723=AXIS2_PLACEMENT_3D('',#4097,#3328,#3329);
#2724=AXIS2_PLACEMENT_3D('',#4100,#3332,#3333);
#2725=AXIS2_PLACEMENT_3D('',#4103,#3336,#3337);
#2726=AXIS2_PLACEMENT_3D('',#4112,#3342,#3343);
#2727=AXIS2_PLACEMENT_3D('',#4121,#3348,#3349);
#2728=AXIS2_PLACEMENT_3D('',#4126,#3353,#3354);
#2729=AXIS2_PLACEMENT_3D('',#4131,#3358,#3359);
#2730=AXIS2_PLACEMENT_3D('',#4140,#3364,#3365);
#2731=AXIS2_PLACEMENT_3D('',#4149,#3370,#3371);
#2732=AXIS2_PLACEMENT_3D('',#4154,#3375,#3376);
#2733=AXIS2_PLACEMENT_3D('',#4159,#3380,#3381);
#2734=AXIS2_PLACEMENT_3D('',#4168,#3386,#3387);
#2735=AXIS2_PLACEMENT_3D('',#4174,#3391,#3392);
#2736=AXIS2_PLACEMENT_3D('',#4183,#3397,#3398);
#2737=AXIS2_PLACEMENT_3D('',#4211,#3402,#3403);
#2738=AXIS2_PLACEMENT_3D('',#4212,#3404,#3405);
#2739=AXIS2_PLACEMENT_3D('',#4213,#3406,#3407);
#2740=AXIS2_PLACEMENT_3D('',#4217,#3410,#3411);
#2741=AXIS2_PLACEMENT_3D('',#4221,#3414,#3415);
#2742=AXIS2_PLACEMENT_3D('',#4222,#3416,#3417);
#2743=AXIS2_PLACEMENT_3D('',#4223,#3418,#3419);
#2744=AXIS2_PLACEMENT_3D('',#4224,#3420,#3421);
#2745=AXIS2_PLACEMENT_3D('',#4226,#3423,#3424);
#2746=AXIS2_PLACEMENT_3D('',#4227,#3425,#3426);
#2747=AXIS2_PLACEMENT_3D('',#4228,#3427,#3428);
#2748=AXIS2_PLACEMENT_3D('',#4229,#3429,#3430);
#2749=AXIS2_PLACEMENT_3D('',#4230,#3431,#3432);
#2750=AXIS2_PLACEMENT_3D('',#4231,#3433,#3434);
#2751=AXIS2_PLACEMENT_3D('',#4232,#3435,#3436);
#2752=AXIS2_PLACEMENT_3D('',#4233,#3437,#3438);
#2753=AXIS2_PLACEMENT_3D('',#4234,#3439,#3440);
#2754=AXIS2_PLACEMENT_3D('',#4235,#3441,#3442);
#2755=AXIS2_PLACEMENT_3D('',#4236,#3443,#3444);
#2756=AXIS2_PLACEMENT_3D('',#4237,#3445,#3446);
#2757=AXIS2_PLACEMENT_3D('',#4238,#3447,#3448);
#2758=AXIS2_PLACEMENT_3D('',#4239,#3449,#3450);
#2759=AXIS2_PLACEMENT_3D('',#4240,#3451,#3452);
#2760=AXIS2_PLACEMENT_3D('',#4241,#3453,#3454);
#2761=AXIS2_PLACEMENT_3D('',#4243,#3456,#3457);
#2762=AXIS2_PLACEMENT_3D('',#4244,#3458,#3459);
#2763=AXIS2_PLACEMENT_3D('',#4245,#3460,#3461);
#2764=AXIS2_PLACEMENT_3D('',#4246,#3462,#3463);
#2765=AXIS2_PLACEMENT_3D('',#4247,#3464,#3465);
#2766=AXIS2_PLACEMENT_3D('',#4248,#3466,#3467);
#2767=AXIS2_PLACEMENT_3D('',#4249,#3468,#3469);
#2768=AXIS2_PLACEMENT_3D('',#4250,#3470,#3471);
#2769=AXIS2_PLACEMENT_3D('',#4251,#3472,#3473);
#2770=AXIS2_PLACEMENT_3D('',#4252,#3474,#3475);
#2771=AXIS2_PLACEMENT_3D('',#4253,#3476,#3477);
#2772=AXIS2_PLACEMENT_3D('',#4254,#3478,#3479);
#2773=AXIS2_PLACEMENT_3D('',#4255,#3480,#3481);
#2774=AXIS2_PLACEMENT_3D('',#4256,#3482,#3483);
#2775=AXIS2_PLACEMENT_3D('',#4257,#3484,#3485);
#2776=AXIS2_PLACEMENT_3D('',#4258,#3486,#3487);
#2777=AXIS2_PLACEMENT_3D('',#4260,#3489,#3490);
#2778=AXIS2_PLACEMENT_3D('',#4261,#3491,#3492);
#2779=AXIS2_PLACEMENT_3D('',#4262,#3493,#3494);
#2780=AXIS2_PLACEMENT_3D('',#4263,#3495,#3496);
#2781=AXIS2_PLACEMENT_3D('',#4264,#3497,#3498);
#2782=AXIS2_PLACEMENT_3D('',#4265,#3499,#3500);
#2783=AXIS2_PLACEMENT_3D('',#4266,#3501,#3502);
#2784=AXIS2_PLACEMENT_3D('',#4267,#3503,#3504);
#2785=AXIS2_PLACEMENT_3D('',#4268,#3505,#3506);
#2786=AXIS2_PLACEMENT_3D('',#4269,#3507,#3508);
#2787=AXIS2_PLACEMENT_3D('',#4270,#3509,#3510);
#2788=AXIS2_PLACEMENT_3D('',#4271,#3511,#3512);
#2789=AXIS2_PLACEMENT_3D('',#4272,#3513,#3514);
#2790=AXIS2_PLACEMENT_3D('',#4273,#3515,#3516);
#2791=AXIS2_PLACEMENT_3D('',#4274,#3517,#3518);
#2792=AXIS2_PLACEMENT_3D('',#4275,#3519,#3520);
#2793=AXIS2_PLACEMENT_3D('',#4276,#3521,#3522);
#2794=AXIS2_PLACEMENT_3D('',#4277,#3523,#3524);
#2795=AXIS2_PLACEMENT_3D('',#4278,#3525,#3526);
#2796=AXIS2_PLACEMENT_3D('',#4279,#3527,#3528);
#2797=DIRECTION('',(0.,0.,1.));
#2798=DIRECTION('',(1.,0.,0.));
#2799=DIRECTION('',(0.707106781186548,-0.707106781186548,0.));
#2800=DIRECTION('',(0.707106781186548,0.707106781186548,0.));
#2801=DIRECTION('',(0.,0.,-1.));
#2802=DIRECTION('',(0.707106781186548,0.707106781186548,0.));
#2803=DIRECTION('',(0.,0.,-1.));
#2804=DIRECTION('',(0.707106781186548,0.707106781186548,0.));
#2805=DIRECTION('',(0.,-1.,0.));
#2806=DIRECTION('',(1.,0.,0.));
#2807=DIRECTION('',(1.,0.,0.));
#2808=DIRECTION('',(0.,0.,-1.));
#2809=DIRECTION('',(1.,0.,0.));
#2810=DIRECTION('',(-0.707106781186548,-0.707106781186548,0.));
#2811=DIRECTION('',(0.707106781186548,-0.707106781186548,0.));
#2812=DIRECTION('',(0.707106781186548,-0.707106781186548,0.));
#2813=DIRECTION('',(0.,0.,-1.));
#2814=DIRECTION('',(0.707106781186548,-0.707106781186548,0.));
#2815=DIRECTION('',(-1.,0.,0.));
#2816=DIRECTION('',(0.,-1.,0.));
#2817=DIRECTION('',(0.,-1.,0.));
#2818=DIRECTION('',(0.,0.,-1.));
#2819=DIRECTION('',(0.,-1.,0.));
#2820=DIRECTION('',(-0.707106781186548,0.707106781186548,0.));
#2821=DIRECTION('',(-0.707106781186548,-0.707106781186548,0.));
#2822=DIRECTION('',(-0.707106781186548,-0.707106781186548,0.));
#2823=DIRECTION('',(0.,0.,-1.));
#2824=DIRECTION('',(-0.707106781186548,-0.707106781186548,0.));
#2825=DIRECTION('',(0.,1.,0.));
#2826=DIRECTION('',(-1.,0.,0.));
#2827=DIRECTION('',(-1.,0.,0.));
#2828=DIRECTION('',(0.,0.,-1.));
#2829=DIRECTION('',(-1.,0.,0.));
#2830=DIRECTION('',(0.707106781186548,0.707106781186548,0.));
#2831=DIRECTION('',(-0.707106781186548,0.707106781186548,0.));
#2832=DIRECTION('',(-0.707106781186548,0.707106781186548,0.));
#2833=DIRECTION('',(0.,0.,-1.));
#2834=DIRECTION('',(-0.707106781186548,0.707106781186548,0.));
#2835=DIRECTION('',(1.,-2.79199529511347E-16,0.));
#2836=DIRECTION('',(2.79199529511347E-16,1.,0.));
#2837=DIRECTION('',(2.79199529511347E-16,1.,0.));
#2838=DIRECTION('',(2.79199529511347E-16,1.,0.));
#2839=DIRECTION('',(0.,0.,1.));
#2840=DIRECTION('',(1.,0.,0.));
#2841=DIRECTION('',(0.,0.,1.));
#2842=DIRECTION('',(1.,0.,0.));
#2843=DIRECTION('',(0.,0.,1.));
#2844=DIRECTION('',(1.,0.,0.));
#2845=DIRECTION('',(0.,-0.527585437375796,-0.849501975435602));
#2846=DIRECTION('',(-1.,0.,0.));
#2847=DIRECTION('',(1.,0.,0.));
#2848=DIRECTION('',(0.,0.849501975435612,-0.52758543737578));
#2849=DIRECTION('',(1.,0.,0.));
#2850=DIRECTION('',(-3.46944695195361E-18,-0.849501975435602,0.527585437375796));
#2851=DIRECTION('',(-0.899125293026309,0.230919576042617,0.371819656339806));
#2852=DIRECTION('',(0.437691338091529,0.474365410976926,0.763808712589964));
#2853=DIRECTION('',(0.,0.849501975435602,-0.527585437375796));
#2854=DIRECTION('',(-0.437691338091529,-0.474365410976926,-0.763808712589964));
#2855=DIRECTION('',(0.,-0.849501975435602,0.527585437375796));
#2856=DIRECTION('',(-0.437691338091529,-0.474365410976926,-0.763808712589964));
#2857=DIRECTION('',(0.,-0.527585437375796,-0.849501975435602));
#2858=DIRECTION('',(-1.,0.,0.));
#2859=DIRECTION('',(-1.,0.,0.));
#2860=DIRECTION('',(3.46944695195361E-18,0.849501975435602,-0.527585437375796));
#2861=DIRECTION('',(-1.,0.,0.));
#2862=DIRECTION('',(-0.998765715789646,0.0262048291098771,0.0421942163633613));
#2863=DIRECTION('',(0.0496693563799252,0.52693424700083,0.848453448560657));
#2864=DIRECTION('',(0.0496693563799252,0.52693424700083,0.848453448560658));
#2865=DIRECTION('',(0.0496693563799252,0.52693424700083,0.848453448560658));
#2866=DIRECTION('',(0.,-0.527585437375796,-0.849501975435602));
#2867=DIRECTION('',(-1.,0.,0.));
#2868=DIRECTION('',(0.,0.849501975435586,-0.527585437375822));
#2869=DIRECTION('',(1.,0.,0.));
#2870=DIRECTION('',(1.,0.,0.));
#2871=DIRECTION('',(0.,0.849501975435602,-0.527585437375796));
#2872=DIRECTION('',(0.,0.527585437375796,0.849501975435602));
#2873=DIRECTION('',(-1.,0.,-2.06178114100686E-16));
#2874=DIRECTION('',(0.,0.849501975435602,-0.527585437375796));
#2875=DIRECTION('',(0.,0.527585437375796,0.849501975435602));
#2876=DIRECTION('',(-1.,0.,-2.06178114100686E-16));
#2877=DIRECTION('',(-0.45618179004656,-0.45618179004656,-0.764065670515194));
#2878=DIRECTION('',(-0.707106781186548,0.707106781186548,0.));
#2879=DIRECTION('',(0.707106781186548,-0.707106781186548,-4.30714573433302E-18));
#2880=DIRECTION('',(0.540276016893149,0.540276016893143,-0.645138474391471));
#2881=DIRECTION('',(0.707106781186548,-0.707106781186548,-4.30714573433302E-18));
#2882=DIRECTION('',(-0.54027601689314,-0.54027601689314,0.645138474391481));
#2883=DIRECTION('',(-0.45618179004656,-0.45618179004656,-0.764065670515194));
#2884=DIRECTION('',(-0.707106781186548,0.707106781186548,0.));
#2885=DIRECTION('',(-0.54027601689314,-0.54027601689314,0.645138474391481));
#2886=DIRECTION('',(-0.707106781186547,0.707106781186548,2.16492420930032E-17));
#2887=DIRECTION('',(0.54027601689314,0.54027601689314,-0.645138474391481));
#2888=DIRECTION('',(-0.707106781186547,0.707106781186548,2.16492420930032E-17));
#2889=DIRECTION('',(-0.718698906448125,0.695039051017118,-0.019814122021771));
#2890=DIRECTION('',(0.437691338091529,0.474365410976926,0.763808712589964));
#2891=DIRECTION('',(0.437691338091529,0.474365410976926,0.763808712589964));
#2892=DIRECTION('',(0.437691338091529,0.474365410976926,0.763808712589964));
#2893=DIRECTION('',(-0.45618179004656,-0.45618179004656,-0.764065670515194));
#2894=DIRECTION('',(-0.707106781186548,0.707106781186548,0.));
#2895=DIRECTION('',(0.540276016893139,0.54027601689315,-0.645138474391473));
#2896=DIRECTION('',(0.707106781186548,-0.707106781186548,-4.30714573433302E-18));
#2897=DIRECTION('',(0.54027601689314,0.54027601689314,-0.645138474391481));
#2898=DIRECTION('',(0.707106781186548,-0.707106781186548,-4.30714573433302E-18));
#2899=DIRECTION('',(-0.506546159218693,0.821010144876616,0.263350205221999));
#2900=DIRECTION('',(0.671947032250961,0.184510616441879,0.717246832177991));
#2901=DIRECTION('',(-0.671947032250961,-0.184510616441879,-0.717246832177991));
#2902=DIRECTION('',(-0.671947032250961,-0.184510616441879,-0.717246832177991));
#2903=DIRECTION('',(0.54027601689314,0.54027601689314,-0.645138474391481));
#2904=DIRECTION('',(-0.76666402671958,0.,-0.642048495157585));
#2905=DIRECTION('',(-0.707106781186547,0.707106781186548,4.12356228201374E-16));
#2906=DIRECTION('',(0.54027601689314,0.54027601689314,-0.645138474391481));
#2907=DIRECTION('',(-0.76666402671958,0.,-0.642048495157585));
#2908=DIRECTION('',(-0.707106781186547,0.707106781186548,4.12356228201374E-16));
#2909=DIRECTION('',(0.261341202349249,-0.261341202349249,-0.929194033509308));
#2910=DIRECTION('',(-0.707106781186548,-0.707106781186547,0.));
#2911=DIRECTION('',(0.707106781186548,0.707106781186548,-4.78082699313239E-17));
#2912=DIRECTION('',(-0.657039402132513,0.657039402132518,-0.369592272769188));
#2913=DIRECTION('',(0.707106781186548,0.707106781186548,-4.78082699313239E-17));
#2914=DIRECTION('',(0.657039402132512,-0.657039402132512,0.369592272769199));
#2915=DIRECTION('',(-0.752218172528526,-0.539109936268123,0.378851286832743));
#2916=DIRECTION('',(0.0496693563799252,0.52693424700083,0.848453448560657));
#2917=DIRECTION('',(-0.657039402132512,0.657039402132512,-0.369592272769199));
#2918=DIRECTION('',(-0.0496693563799252,-0.52693424700083,-0.848453448560657));
#2919=DIRECTION('',(0.657039402132512,-0.657039402132512,0.369592272769199));
#2920=DIRECTION('',(-0.0496693563799252,-0.52693424700083,-0.848453448560657));
#2921=DIRECTION('',(0.261341202349249,-0.261341202349249,-0.929194033509308));
#2922=DIRECTION('',(-0.707106781186548,-0.707106781186548,0.));
#2923=DIRECTION('',(-0.707106781186548,-0.707106781186548,2.57903152586588E-17));
#2924=DIRECTION('',(-0.657039402132512,0.657039402132512,-0.369592272769199));
#2925=DIRECTION('',(-0.707106781186548,-0.707106781186548,2.57903152586588E-17));
#2926=DIRECTION('',(-0.698514588944394,-0.71499575073511,-0.0292992399659383));
#2927=DIRECTION('',(-0.283507659644666,0.238914839380244,0.928731988491145));
#2928=DIRECTION('',(-0.283507659644666,0.238914839380244,0.928731988491145));
#2929=DIRECTION('',(-0.283507659644666,0.238914839380244,0.928731988491145));
#2930=DIRECTION('',(0.261341202349249,-0.261341202349249,-0.929194033509308));
#2931=DIRECTION('',(-0.707106781186548,-0.707106781186547,0.));
#2932=DIRECTION('',(-0.657039402132516,0.65703940213251,-0.369592272769196));
#2933=DIRECTION('',(0.707106781186548,0.707106781186548,-4.78082699313239E-17));
#2934=DIRECTION('',(0.707106781186548,0.707106781186548,-4.78082699313239E-17));
#2935=DIRECTION('',(-0.657039402132512,0.657039402132512,-0.369592272769199));
#2936=DIRECTION('',(-0.707106781186548,-0.707106781186548,0.));
#2937=DIRECTION('',(-0.707106781186548,-0.707106781186548,2.06178114100687E-16));
#2938=DIRECTION('',(-0.657039402132512,0.657039402132512,-0.369592272769199));
#2939=DIRECTION('',(-0.707106781186548,-0.707106781186548,0.));
#2940=DIRECTION('',(-0.707106781186548,-0.707106781186548,2.06178114100687E-16));
#2941=DIRECTION('',(-0.683685557274006,0.,-0.729776718438545));
#2942=DIRECTION('',(0.,1.,0.));
#2943=DIRECTION('',(-1.48694426639909E-16,-1.,1.39303199694231E-16));
#2944=DIRECTION('',(0.729776718438551,0.,-0.683685557274));
#2945=DIRECTION('',(-1.48694426639909E-16,-1.,1.39303199694231E-16));
#2946=DIRECTION('',(-0.729776718438545,1.97925582898325E-16,0.683685557274006));
#2947=DIRECTION('',(0.126147243625037,0.982830520700409,0.134651552184028));
#2948=DIRECTION('',(0.671947032250961,-0.184510616441879,0.717246832177991));
#2949=DIRECTION('',(0.729776718438545,-1.97683145992397E-16,-0.683685557274006));
#2950=DIRECTION('',(-0.671947032250961,0.184510616441879,-0.717246832177992));
#2951=DIRECTION('',(-0.729776718438545,1.97683145992397E-16,0.683685557274006));
#2952=DIRECTION('',(-0.671947032250961,0.184510616441879,-0.717246832177992));
#2953=DIRECTION('',(-0.683685557274006,1.90884685924606E-16,-0.729776718438545));
#2954=DIRECTION('',(2.79199529511347E-16,1.,0.));
#2955=DIRECTION('',(2.79199529511347E-16,1.,3.97549960246823E-33));
#2956=DIRECTION('',(0.729776718438545,-1.97925582898325E-16,-0.683685557274006));
#2957=DIRECTION('',(2.79199529511347E-16,1.,3.97549960246823E-33));
#2958=DIRECTION('',(-0.126147243625037,0.982830520700409,-0.134651552184028));
#2959=DIRECTION('',(0.671947032250961,0.184510616441879,0.717246832177991));
#2960=DIRECTION('',(0.671947032250961,0.184510616441879,0.717246832177991));
#2961=DIRECTION('',(0.671947032250961,0.184510616441879,0.717246832177991));
#2962=DIRECTION('',(0.729776718438545,-2.03753316436376E-16,-0.683685557274006));
#2963=DIRECTION('',(-0.683685557274006,0.,-0.729776718438545));
#2964=DIRECTION('',(-1.48694426639909E-16,-1.,1.39303199694231E-16));
#2965=DIRECTION('',(0.729776718438545,-2.03753316436376E-16,-0.683685557274006));
#2966=DIRECTION('',(-0.683685557274006,0.,-0.729776718438545));
#2967=DIRECTION('',(-1.48694426639909E-16,-1.,1.39303199694231E-16));
#2968=DIRECTION('',(0.,0.,1.));
#2969=DIRECTION('',(-0.707106781186548,0.707106781186548,0.));
#2970=DIRECTION('',(0.707106781186548,0.707106781186548,0.));
#2971=DIRECTION('',(0.707106781186548,-0.707106781186548,0.));
#2972=DIRECTION('',(-0.707106781186548,-0.707106781186548,0.));
#2973=DIRECTION('',(-0.707106781186548,0.707106781186548,0.));
#2974=DIRECTION('',(-0.707106781186548,0.707106781186548,0.));
#2975=DIRECTION('',(0.,0.,-1.));
#2976=DIRECTION('',(0.707106781186548,0.707106781186548,0.));
#2977=DIRECTION('',(0.,0.,1.));
#2978=DIRECTION('',(0.707106781186548,0.707106781186548,0.));
#2979=DIRECTION('',(0.,0.,1.));
#2980=DIRECTION('',(-0.707106781186548,-0.707106781186548,0.));
#2981=DIRECTION('',(0.707106781186548,-0.707106781186548,0.));
#2982=DIRECTION('',(0.707106781186548,-0.707106781186548,0.));
#2983=DIRECTION('',(0.,0.,-1.));
#2984=DIRECTION('',(0.,0.,1.));
#2985=DIRECTION('',(-0.707106781186548,-0.707106781186548,0.));
#2986=DIRECTION('',(0.707106781186548,-0.707106781186548,0.));
#2987=DIRECTION('',(0.707106781186548,-0.707106781186548,0.));
#2988=DIRECTION('',(0.,0.,1.));
#2989=DIRECTION('',(0.,0.,-1.));
#2990=DIRECTION('',(0.,0.,1.));
#2991=DIRECTION('',(0.,1.,0.));
#2992=DIRECTION('',(0.,-1.,0.));
#2993=DIRECTION('',(1.,0.,1.99277038061012E-16));
#2994=DIRECTION('',(0.,-1.,0.));
#2995=DIRECTION('',(1.,0.,0.));
#2996=DIRECTION('',(0.,1.,0.));
#2997=DIRECTION('',(0.,0.,-1.));
#2998=DIRECTION('',(-1.,0.,0.));
#2999=DIRECTION('',(0.,0.,1.));
#3000=DIRECTION('',(0.,0.,1.));
#3001=DIRECTION('',(0.,0.,1.));
#3002=DIRECTION('',(0.,1.,0.));
#3003=DIRECTION('',(1.,0.,0.));
#3004=DIRECTION('',(0.,1.,0.));
#3005=DIRECTION('',(-1.,0.,0.));
#3006=DIRECTION('',(0.,1.,0.));
#3007=DIRECTION('',(0.,1.,0.));
#3008=DIRECTION('',(0.,0.,-1.));
#3009=DIRECTION('',(0.,0.,1.));
#3010=DIRECTION('',(-1.,0.,0.));
#3011=DIRECTION('',(0.,0.,1.));
#3012=DIRECTION('',(-1.,0.,0.));
#3013=DIRECTION('',(0.,-0.249136934827768,0.968468268816601));
#3014=DIRECTION('',(-1.,0.,0.));
#3015=DIRECTION('',(0.,-0.249136934827768,0.968468268816601));
#3016=DIRECTION('',(-1.,0.,0.));
#3017=DIRECTION('',(0.,0.,1.));
#3018=DIRECTION('',(-2.06178114100687E-16,1.,-4.12356228201374E-16));
#3019=DIRECTION('',(0.,0.,-1.));
#3020=DIRECTION('',(-1.,0.,0.));
#3021=DIRECTION('',(0.,0.,1.));
#3022=DIRECTION('',(0.,0.,-1.));
#3023=DIRECTION('',(-2.06178114100687E-16,1.,-4.12356228201374E-16));
#3024=DIRECTION('',(2.06178114100687E-16,-1.,4.12356228201374E-16));
#3025=DIRECTION('',(0.,-4.12356228201374E-16,-1.));
#3026=DIRECTION('',(-2.06178114100687E-16,1.,-4.12356228201374E-16));
#3027=DIRECTION('',(0.,4.12356228201374E-16,1.));
#3028=DIRECTION('',(-1.,0.,0.));
#3029=DIRECTION('',(-2.06178114100687E-16,1.,-4.12356228201374E-16));
#3030=DIRECTION('',(0.,4.12356228201374E-16,1.));
#3031=DIRECTION('',(2.06178114100687E-16,-1.,4.12356228201374E-16));
#3032=DIRECTION('',(0.,-4.12356228201374E-16,-1.));
#3033=DIRECTION('',(-2.06178114100687E-16,1.,-4.12356228201374E-16));
#3034=DIRECTION('',(0.,4.12356228201374E-16,1.));
#3035=DIRECTION('',(-2.06178114100687E-16,1.,-4.12356228201374E-16));
#3036=DIRECTION('',(0.,4.12356228201374E-16,1.));
#3037=DIRECTION('',(-2.06178114100687E-16,1.,-4.12356228201374E-16));
#3038=DIRECTION('',(0.929993741494679,4.01723692406687E-17,-0.36757535388098));
#3039=DIRECTION('',(-2.06178114100687E-16,1.,-4.12356228201374E-16));
#3040=DIRECTION('',(0.929993741494679,4.01723692406687E-17,-0.36757535388098));
#3041=DIRECTION('',(0.,0.,1.));
#3042=DIRECTION('',(1.,0.,0.));
#3043=DIRECTION('',(0.,0.,-1.));
#3044=DIRECTION('',(-1.,0.,0.));
#3045=DIRECTION('',(0.,0.,-1.));
#3046=DIRECTION('',(-1.,0.,0.));
#3047=DIRECTION('',(0.,0.,1.));
#3048=DIRECTION('',(1.,0.,0.));
#3049=DIRECTION('',(0.,0.,-1.));
#3050=DIRECTION('',(-1.,0.,0.));
#3051=DIRECTION('',(0.,0.,-1.));
#3052=DIRECTION('',(-1.,0.,0.));
#3053=DIRECTION('',(0.,0.,-1.));
#3054=DIRECTION('',(0.923879532511287,0.38268343236509,0.));
#3055=DIRECTION('',(0.,0.,-1.));
#3056=DIRECTION('',(0.923879532511287,0.38268343236509,0.));
#3057=DIRECTION('',(0.,0.,1.));
#3058=DIRECTION('',(-1.,0.,0.));
#3059=DIRECTION('',(0.,1.,0.));
#3060=DIRECTION('',(1.,0.,0.));
#3061=DIRECTION('',(0.,-1.,0.));
#3062=DIRECTION('',(-1.,0.,0.));
#3063=DIRECTION('',(-1.,0.,0.));
#3064=DIRECTION('',(0.,0.,-1.));
#3065=DIRECTION('',(0.,1.,0.));
#3066=DIRECTION('',(0.,0.,1.));
#3067=DIRECTION('',(0.,1.,0.));
#3068=DIRECTION('',(0.,0.,1.));
#3069=DIRECTION('',(0.,-1.,0.));
#3070=DIRECTION('',(0.,0.,-1.));
#3071=DIRECTION('',(1.,0.,0.));
#3072=DIRECTION('',(0.,0.,-1.));
#3073=DIRECTION('',(0.,0.,1.));
#3074=DIRECTION('',(0.,-1.,0.));
#3075=DIRECTION('',(0.,0.,-1.));
#3076=DIRECTION('',(1.,0.,0.));
#3077=DIRECTION('',(0.,0.,1.));
#3078=DIRECTION('',(0.,0.,-1.));
#3079=DIRECTION('',(0.,0.,1.));
#3080=DIRECTION('',(-0.707106781186548,-0.707106781186547,0.));
#3081=DIRECTION('',(-0.707106781186547,0.707106781186548,0.));
#3082=DIRECTION('',(0.707106781186548,0.707106781186547,0.));
#3083=DIRECTION('',(0.707106781186547,-0.707106781186548,0.));
#3084=DIRECTION('',(-0.707106781186548,-0.707106781186547,0.));
#3085=DIRECTION('',(-0.707106781186548,-0.707106781186547,0.));
#3086=DIRECTION('',(0.,0.,-1.));
#3087=DIRECTION('',(-0.707106781186548,0.707106781186547,0.));
#3088=DIRECTION('',(0.,0.,1.));
#3089=DIRECTION('',(-0.707106781186547,0.707106781186548,0.));
#3090=DIRECTION('',(0.,0.,1.));
#3091=DIRECTION('',(-0.707106781186548,-0.707106781186547,0.));
#3092=DIRECTION('',(0.,0.,-1.));
#3093=DIRECTION('',(0.,0.,-1.));
#3094=DIRECTION('',(0.,0.,-1.));
#3095=DIRECTION('',(0.707106781186547,-0.707106781186548,0.));
#3096=DIRECTION('',(0.707106781186547,-0.707106781186548,0.));
#3097=DIRECTION('',(0.707106781186548,0.707106781186547,0.));
#3098=DIRECTION('',(0.707106781186548,0.707106781186547,0.));
#3099=DIRECTION('',(0.,0.,1.));
#3100=DIRECTION('',(0.707106781186547,-0.707106781186548,0.));
#3101=DIRECTION('',(0.707106781186548,0.707106781186547,0.));
#3102=DIRECTION('',(0.707106781186548,0.707106781186547,0.));
#3103=DIRECTION('',(0.,0.,1.));
#3104=DIRECTION('',(0.707106781186548,0.707106781186548,-2.06178114100687E-16));
#3105=DIRECTION('',(-0.707106781186548,0.707106781186548,0.));
#3106=DIRECTION('',(-0.707106781186548,-0.707106781186548,2.06178114100687E-16));
#3107=DIRECTION('',(0.707106781186548,-0.707106781186548,0.));
#3108=DIRECTION('',(-0.707106781186548,-0.707106781186548,2.06178114100687E-16));
#3109=DIRECTION('',(0.707106781186548,-0.707106781186548,0.));
#3110=DIRECTION('',(0.707106781186548,0.707106781186548,-2.06178114100687E-16));
#3111=DIRECTION('',(-0.707106781186548,0.707106781186548,0.));
#3112=DIRECTION('',(-0.707106781186548,-0.707106781186548,2.06178114100687E-16));
#3113=DIRECTION('',(0.707106781186548,-0.707106781186548,0.));
#3114=DIRECTION('',(-0.707106781186548,-0.707106781186548,2.06178114100687E-16));
#3115=DIRECTION('',(0.707106781186548,-0.707106781186548,0.));
#3116=DIRECTION('',(-0.707106781186548,-0.707106781186548,2.06178114100687E-16));
#3117=DIRECTION('',(-0.694477147483866,0.694477147483866,-0.18815680494031));
#3118=DIRECTION('',(-0.707106781186548,-0.707106781186548,2.06178114100687E-16));
#3119=DIRECTION('',(-0.694477147483866,0.694477147483866,-0.18815680494031));
#3120=DIRECTION('',(0.,0.,1.));
#3121=DIRECTION('',(1.,0.,0.));
#3122=DIRECTION('',(0.,-1.,0.));
#3123=DIRECTION('',(0.,0.,-1.));
#3124=DIRECTION('',(-1.,0.,0.));
#3125=DIRECTION('',(0.,0.,-1.));
#3126=DIRECTION('',(-1.,0.,0.));
#3127=DIRECTION('',(0.,0.,1.));
#3128=DIRECTION('',(1.,0.,0.));
#3129=DIRECTION('',(0.,0.,-1.));
#3130=DIRECTION('',(-1.,0.,0.));
#3131=DIRECTION('',(0.,0.,-1.));
#3132=DIRECTION('',(-1.,0.,0.));
#3133=DIRECTION('',(0.,0.,-1.));
#3134=DIRECTION('',(-0.38268343236509,0.923879532511287,0.));
#3135=DIRECTION('',(0.,0.,-1.));
#3136=DIRECTION('',(-0.38268343236509,0.923879532511287,0.));
#3137=DIRECTION('',(1.,0.,2.06178114100686E-16));
#3138=DIRECTION('',(2.06178114100686E-16,0.,-1.));
#3139=DIRECTION('',(-1.,0.,-2.06178114100686E-16));
#3140=DIRECTION('',(-2.06178114100686E-16,0.,1.));
#3141=DIRECTION('',(-1.,0.,-2.06178114100686E-16));
#3142=DIRECTION('',(-2.06178114100686E-16,0.,1.));
#3143=DIRECTION('',(1.,0.,2.06178114100686E-16));
#3144=DIRECTION('',(2.06178114100686E-16,0.,-1.));
#3145=DIRECTION('',(-1.,0.,-2.06178114100686E-16));
#3146=DIRECTION('',(-2.06178114100686E-16,0.,1.));
#3147=DIRECTION('',(-1.,0.,-2.06178114100686E-16));
#3148=DIRECTION('',(-2.06178114100686E-16,0.,1.));
#3149=DIRECTION('',(-1.,0.,-2.06178114100686E-16));
#3150=DIRECTION('',(5.65578595018992E-17,0.961639739048778,-0.2743155341613));
#3151=DIRECTION('',(-1.,0.,-2.06178114100686E-16));
#3152=DIRECTION('',(5.65578595018992E-17,0.961639739048778,-0.2743155341613));
#3153=DIRECTION('',(0.,0.,1.));
#3154=DIRECTION('',(1.,0.,0.));
#3155=DIRECTION('',(-0.707106781186548,-0.707106781186548,0.));
#3156=DIRECTION('',(0.,0.,-1.));
#3157=DIRECTION('',(-1.,0.,0.));
#3158=DIRECTION('',(0.,0.,-1.));
#3159=DIRECTION('',(-1.,0.,0.));
#3160=DIRECTION('',(0.,0.,1.));
#3161=DIRECTION('',(1.,0.,0.));
#3162=DIRECTION('',(0.,0.,-1.));
#3163=DIRECTION('',(-1.,0.,0.));
#3164=DIRECTION('',(0.,0.,-1.));
#3165=DIRECTION('',(-1.,0.,0.));
#3166=DIRECTION('',(0.,0.,-1.));
#3167=DIRECTION('',(0.38268343236509,0.923879532511287,0.));
#3168=DIRECTION('',(0.,0.,-1.));
#3169=DIRECTION('',(0.38268343236509,0.923879532511287,0.));
#3170=DIRECTION('',(0.707106781186547,-0.707106781186548,-4.12356228201374E-16));
#3171=DIRECTION('',(0.707106781186548,0.707106781186547,0.));
#3172=DIRECTION('',(-0.707106781186547,0.707106781186548,4.12356228201374E-16));
#3173=DIRECTION('',(-0.707106781186548,-0.707106781186547,0.));
#3174=DIRECTION('',(-0.707106781186547,0.707106781186548,4.12356228201374E-16));
#3175=DIRECTION('',(-0.707106781186548,-0.707106781186547,0.));
#3176=DIRECTION('',(0.707106781186547,-0.707106781186548,-4.12356228201374E-16));
#3177=DIRECTION('',(0.707106781186548,0.707106781186547,0.));
#3178=DIRECTION('',(-0.707106781186547,0.707106781186548,4.12356228201374E-16));
#3179=DIRECTION('',(-0.707106781186548,-0.707106781186547,0.));
#3180=DIRECTION('',(-0.707106781186547,0.707106781186548,4.12356228201374E-16));
#3181=DIRECTION('',(-0.707106781186548,-0.707106781186547,0.));
#3182=DIRECTION('',(-0.707106781186547,0.707106781186548,4.12356228201374E-16));
#3183=DIRECTION('',(0.664090669734788,0.664090669734787,-0.343463483855858));
#3184=DIRECTION('',(-0.707106781186547,0.707106781186548,4.12356228201374E-16));
#3185=DIRECTION('',(0.664090669734788,0.664090669734787,-0.343463483855858));
#3186=DIRECTION('',(0.,0.,1.));
#3187=DIRECTION('',(1.,0.,0.));
#3188=DIRECTION('',(0.291962747791067,-6.01963287272165E-17,-0.956429691039697));
#3189=DIRECTION('',(-2.06178114100687E-16,-1.,0.));
#3190=DIRECTION('',(1.75750855421324E-17,1.,-5.75735560862957E-17));
#3191=DIRECTION('',(-0.956429691039698,0.,-0.291962747791065));
#3192=DIRECTION('',(1.75750855421324E-17,1.,-5.75735560862957E-17));
#3193=DIRECTION('',(0.956429691039697,0.,0.291962747791067));
#3194=DIRECTION('',(-0.0697542329935174,-0.97104052414094,0.228505246013246));
#3195=DIRECTION('',(-0.283507659644666,0.238914839380244,0.928731988491145));
#3196=DIRECTION('',(-0.956429691039697,1.42916669930865E-17,-0.291962747791067));
#3197=DIRECTION('',(0.283507659644666,-0.238914839380244,-0.928731988491145));
#3198=DIRECTION('',(0.956429691039697,-1.42916669930865E-17,0.291962747791067));
#3199=DIRECTION('',(0.283507659644666,-0.238914839380244,-0.928731988491145));
#3200=DIRECTION('',(0.291962747791067,0.,-0.956429691039697));
#3201=DIRECTION('',(0.,-1.,0.));
#3202=DIRECTION('',(0.,-1.,0.));
#3203=DIRECTION('',(-0.956429691039697,0.,-0.291962747791067));
#3204=DIRECTION('',(0.,-1.,0.));
#3205=DIRECTION('',(0.0697542329935173,-0.97104052414094,-0.228505246013246));
#3206=DIRECTION('',(-0.283507659644666,-0.238914839380244,0.928731988491145));
#3207=DIRECTION('',(-0.283507659644666,-0.238914839380244,0.928731988491145));
#3208=DIRECTION('',(-0.283507659644666,-0.238914839380244,0.928731988491145));
#3209=DIRECTION('',(-0.956429691039697,0.,-0.291962747791067));
#3210=DIRECTION('',(-0.291962747791067,0.,0.956429691039697));
#3211=DIRECTION('',(1.75750855421324E-17,1.,-5.75735560862957E-17));
#3212=DIRECTION('',(-0.956429691039697,0.,-0.291962747791067));
#3213=DIRECTION('',(-0.291962747791067,0.,0.956429691039697));
#3214=DIRECTION('',(1.75750855421324E-17,1.,-5.75735560862957E-17));
#3215=DIRECTION('',(0.261341202349249,0.261341202349249,-0.929194033509309));
#3216=DIRECTION('',(0.707106781186547,-0.707106781186548,0.));
#3217=DIRECTION('',(-0.707106781186548,0.707106781186548,-7.83735208092643E-17));
#3218=DIRECTION('',(-0.657039402132514,-0.657039402132508,-0.369592272769203));
#3219=DIRECTION('',(-0.707106781186548,0.707106781186548,-7.83735208092643E-17));
#3220=DIRECTION('',(0.657039402132512,0.657039402132512,0.369592272769199));
#3221=DIRECTION('',(0.698514588944394,-0.71499575073511,0.0292992399659383));
#3222=DIRECTION('',(-0.283507659644666,-0.238914839380244,0.928731988491145));
#3223=DIRECTION('',(-0.657039402132512,-0.657039402132512,-0.369592272769199));
#3224=DIRECTION('',(0.283507659644666,0.238914839380244,-0.928731988491145));
#3225=DIRECTION('',(0.657039402132512,0.657039402132512,0.369592272769199));
#3226=DIRECTION('',(0.283507659644666,0.238914839380244,-0.928731988491145));
#3227=DIRECTION('',(0.261341202349249,0.261341202349249,-0.929194033509309));
#3228=DIRECTION('',(0.707106781186548,-0.707106781186548,0.));
#3229=DIRECTION('',(0.707106781186548,-0.707106781186548,4.87781094750517E-17));
#3230=DIRECTION('',(-0.657039402132512,-0.657039402132512,-0.369592272769199));
#3231=DIRECTION('',(0.707106781186548,-0.707106781186548,4.87781094750517E-17));
#3232=DIRECTION('',(0.752218172528526,-0.539109936268123,-0.378851286832743));
#3233=DIRECTION('',(0.0496693563799251,-0.52693424700083,0.848453448560657));
#3234=DIRECTION('',(0.0496693563799252,-0.52693424700083,0.848453448560657));
#3235=DIRECTION('',(0.0496693563799252,-0.52693424700083,0.848453448560657));
#3236=DIRECTION('',(0.261341202349249,0.261341202349249,-0.929194033509309));
#3237=DIRECTION('',(0.707106781186547,-0.707106781186548,0.));
#3238=DIRECTION('',(-0.657039402132505,-0.657039402132516,-0.369592272769204));
#3239=DIRECTION('',(-0.707106781186548,0.707106781186548,-7.83735208092643E-17));
#3240=DIRECTION('',(-0.707106781186548,0.707106781186548,-7.83735208092643E-17));
#3241=DIRECTION('',(-0.657039402132512,-0.657039402132512,-0.369592272769199));
#3242=DIRECTION('',(0.707106781186548,-0.707106781186548,0.));
#3243=DIRECTION('',(0.707106781186547,-0.707106781186548,0.));
#3244=DIRECTION('',(-0.657039402132512,-0.657039402132512,-0.369592272769199));
#3245=DIRECTION('',(0.707106781186548,-0.707106781186548,0.));
#3246=DIRECTION('',(0.707106781186547,-0.707106781186548,0.));
#3247=DIRECTION('',(1.08776570505128E-16,0.527585437375796,-0.849501975435602));
#3248=DIRECTION('',(1.,-2.06178114100687E-16,0.));
#3249=DIRECTION('',(-1.,5.73889345261869E-17,-9.2405911525216E-17));
#3250=DIRECTION('',(0.,-0.849501975435597,-0.527585437375804));
#3251=DIRECTION('',(-1.,5.73889345261869E-17,-9.2405911525216E-17));
#3252=DIRECTION('',(3.08695304546579E-17,0.849501975435602,0.527585437375796));
#3253=DIRECTION('',(0.998765715789646,0.0262048291098771,-0.0421942163633613));
#3254=DIRECTION('',(0.0496693563799251,-0.52693424700083,0.848453448560657));
#3255=DIRECTION('',(3.47373452763204E-18,-0.849501975435602,-0.527585437375796));
#3256=DIRECTION('',(-0.0496693563799251,0.52693424700083,-0.848453448560657));
#3257=DIRECTION('',(-3.47373452763203E-18,0.849501975435602,0.527585437375796));
#3258=DIRECTION('',(-0.0496693563799251,0.52693424700083,-0.848453448560657));
#3259=DIRECTION('',(0.,0.527585437375796,-0.849501975435602));
#3260=DIRECTION('',(1.,0.,0.));
#3261=DIRECTION('',(1.,0.,0.));
#3262=DIRECTION('',(-3.11395483902903E-18,-0.849501975435602,-0.527585437375796));
#3263=DIRECTION('',(1.,0.,0.));
#3264=DIRECTION('',(0.89912529302631,0.230919576042616,-0.371819656339806));
#3265=DIRECTION('',(0.437691338091529,-0.474365410976926,0.763808712589964));
#3266=DIRECTION('',(0.437691338091529,-0.474365410976926,0.763808712589964));
#3267=DIRECTION('',(0.437691338091529,-0.474365410976926,0.763808712589964));
#3268=DIRECTION('',(1.08776570505128E-16,0.527585437375796,-0.849501975435602));
#3269=DIRECTION('',(1.,-2.06178114100687E-16,0.));
#3270=DIRECTION('',(0.,-0.849501975435597,-0.527585437375804));
#3271=DIRECTION('',(-1.,5.73889345261869E-17,-9.2405911525216E-17));
#3272=DIRECTION('',(-1.,5.73889345261869E-17,-9.2405911525216E-17));
#3273=DIRECTION('',(0.,-0.849501975435602,-0.527585437375796));
#3274=DIRECTION('',(0.,0.527585437375796,-0.849501975435602));
#3275=DIRECTION('',(1.,4.12356228201374E-16,0.));
#3276=DIRECTION('',(0.,-0.849501975435602,-0.527585437375796));
#3277=DIRECTION('',(0.,0.527585437375796,-0.849501975435602));
#3278=DIRECTION('',(1.,4.12356228201374E-16,0.));
#3279=DIRECTION('',(0.718698906448125,0.695039051017118,0.019814122021771));
#3280=DIRECTION('',(0.437691338091529,-0.474365410976926,0.763808712589964));
#3281=DIRECTION('',(0.54027601689314,-0.54027601689314,-0.645138474391481));
#3282=DIRECTION('',(-0.437691338091529,0.474365410976926,-0.763808712589964));
#3283=DIRECTION('',(-0.54027601689314,0.54027601689314,0.645138474391481));
#3284=DIRECTION('',(-0.437691338091529,0.474365410976926,-0.763808712589964));
#3285=DIRECTION('',(-0.45618179004656,0.45618179004656,-0.764065670515194));
#3286=DIRECTION('',(0.707106781186548,0.707106781186548,0.));
#3287=DIRECTION('',(0.707106781186548,0.707106781186548,4.9158164010192E-17));
#3288=DIRECTION('',(0.54027601689314,-0.54027601689314,-0.645138474391481));
#3289=DIRECTION('',(0.707106781186548,0.707106781186548,4.9158164010192E-17));
#3290=DIRECTION('',(0.506546159218693,0.821010144876616,-0.263350205221999));
#3291=DIRECTION('',(0.671947032250961,-0.184510616441879,0.717246832177991));
#3292=DIRECTION('',(0.671947032250961,-0.184510616441879,0.717246832177991));
#3293=DIRECTION('',(-0.54027601689314,0.54027601689314,0.645138474391481));
#3294=DIRECTION('',(0.671947032250961,-0.184510616441879,0.717246832177991));
#3295=DIRECTION('',(-0.45618179004656,0.45618179004656,-0.764065670515194));
#3296=DIRECTION('',(0.707106781186548,0.707106781186547,0.));
#3297=DIRECTION('',(0.540276016893152,-0.540276016893141,-0.645138474391469));
#3298=DIRECTION('',(-0.707106781186548,-0.707106781186547,-1.30105988611255E-16));
#3299=DIRECTION('',(-0.707106781186548,-0.707106781186547,-1.30105988611255E-16));
#3300=DIRECTION('',(0.54027601689314,-0.54027601689314,-0.645138474391481));
#3301=DIRECTION('',(0.,0.76666402671958,-0.642048495157585));
#3302=DIRECTION('',(0.707106781186548,0.707106781186548,0.));
#3303=DIRECTION('',(0.54027601689314,-0.54027601689314,-0.645138474391481));
#3304=DIRECTION('',(0.,0.76666402671958,-0.642048495157585));
#3305=DIRECTION('',(0.707106781186548,0.707106781186548,0.));
#3306=DIRECTION('',(0.,0.,1.));
#3307=DIRECTION('',(-2.06178114100687E-16,-1.,0.));
#3308=DIRECTION('',(2.06178114100687E-16,1.,0.));
#3309=DIRECTION('',(-1.,0.,0.));
#3310=DIRECTION('',(2.06178114100687E-16,1.,0.));
#3311=DIRECTION('',(-1.,2.06178114100687E-16,0.));
#3312=DIRECTION('',(-2.06178114100687E-16,-1.,0.));
#3313=DIRECTION('',(0.,0.,-1.));
#3314=DIRECTION('',(0.,0.,-1.));
#3315=DIRECTION('',(-1.,0.,0.));
#3316=DIRECTION('',(0.,0.,-1.));
#3317=DIRECTION('',(1.,-2.06178114100687E-16,0.));
#3318=DIRECTION('',(0.,0.,1.));
#3319=DIRECTION('',(-2.06178114100687E-16,-1.,0.));
#3320=DIRECTION('',(-1.,2.06178114100687E-16,0.));
#3321=DIRECTION('',(2.06178114100687E-16,1.,0.));
#3322=DIRECTION('',(1.,-2.06178114100687E-16,0.));
#3323=DIRECTION('',(-2.06178114100687E-16,-1.,0.));
#3324=DIRECTION('',(-2.06178114100687E-16,-1.,0.));
#3325=DIRECTION('',(0.,0.,-1.));
#3326=DIRECTION('',(0.,0.,1.));
#3327=DIRECTION('',(0.,0.,1.));
#3328=DIRECTION('',(1.,-2.06178114100687E-16,0.));
#3329=DIRECTION('',(2.06178114100687E-16,1.,0.));
#3330=DIRECTION('',(0.,-1.,0.));
#3331=DIRECTION('',(0.,0.,-1.));
#3332=DIRECTION('',(1.,-2.06178114100687E-16,0.));
#3333=DIRECTION('',(2.06178114100687E-16,1.,0.));
#3334=DIRECTION('',(0.,0.,-1.));
#3335=DIRECTION('',(0.,-1.,0.));
#3336=DIRECTION('',(0.707106781186547,-0.707106781186548,0.));
#3337=DIRECTION('',(0.,0.,-1.));
#3338=DIRECTION('',(0.,0.,-1.));
#3339=DIRECTION('',(-0.707106781186548,-0.707106781186547,0.));
#3340=DIRECTION('',(0.,0.,-1.));
#3341=DIRECTION('',(0.707106781186548,0.707106781186547,0.));
#3342=DIRECTION('',(0.,0.,1.));
#3343=DIRECTION('',(0.707106781186547,-0.707106781186548,0.));
#3344=DIRECTION('',(-0.707106781186548,-0.707106781186547,0.));
#3345=DIRECTION('',(-0.707106781186547,0.707106781186548,0.));
#3346=DIRECTION('',(0.707106781186548,0.707106781186547,0.));
#3347=DIRECTION('',(0.707106781186547,-0.707106781186548,0.));
#3348=DIRECTION('',(0.707106781186548,0.707106781186547,0.));
#3349=DIRECTION('',(-0.707106781186547,0.707106781186548,0.));
#3350=DIRECTION('',(-0.707106781186547,0.707106781186548,0.));
#3351=DIRECTION('',(0.,0.,-1.));
#3352=DIRECTION('',(0.,0.,1.));
#3353=DIRECTION('',(0.707106781186548,0.707106781186547,0.));
#3354=DIRECTION('',(-0.707106781186547,0.707106781186548,0.));
#3355=DIRECTION('',(-0.707106781186547,0.707106781186548,0.));
#3356=DIRECTION('',(0.,0.,1.));
#3357=DIRECTION('',(0.,0.,-1.));
#3358=DIRECTION('',(1.,-2.06178114100687E-16,0.));
#3359=DIRECTION('',(0.,0.,-1.));
#3360=DIRECTION('',(0.,0.,-1.));
#3361=DIRECTION('',(0.,-1.,0.));
#3362=DIRECTION('',(0.,0.,-1.));
#3363=DIRECTION('',(2.06178114100687E-16,1.,0.));
#3364=DIRECTION('',(0.,0.,1.));
#3365=DIRECTION('',(1.,-2.06178114100687E-16,0.));
#3366=DIRECTION('',(-2.06178114100687E-16,-1.,0.));
#3367=DIRECTION('',(-1.,2.06178114100687E-16,0.));
#3368=DIRECTION('',(2.06178114100687E-16,1.,0.));
#3369=DIRECTION('',(1.,-2.06178114100687E-16,0.));
#3370=DIRECTION('',(2.06178114100687E-16,1.,0.));
#3371=DIRECTION('',(-1.,2.06178114100687E-16,0.));
#3372=DIRECTION('',(-1.,2.06178114100687E-16,0.));
#3373=DIRECTION('',(0.,0.,-1.));
#3374=DIRECTION('',(0.,0.,1.));
#3375=DIRECTION('',(2.06178114100687E-16,1.,0.));
#3376=DIRECTION('',(-1.,2.06178114100687E-16,0.));
#3377=DIRECTION('',(-1.,2.06178114100687E-16,0.));
#3378=DIRECTION('',(0.,0.,1.));
#3379=DIRECTION('',(0.,0.,-1.));
#3380=DIRECTION('',(0.707106781186548,0.707106781186547,0.));
#3381=DIRECTION('',(0.,0.,-1.));
#3382=DIRECTION('',(-0.707106781186547,0.707106781186548,0.));
#3383=DIRECTION('',(0.,0.,-1.));
#3384=DIRECTION('',(0.707106781186547,-0.707106781186548,0.));
#3385=DIRECTION('',(0.,0.,-1.));
#3386=DIRECTION('',(0.,0.,1.));
#3387=DIRECTION('',(0.707106781186548,0.707106781186547,0.));
#3388=DIRECTION('',(-0.707106781186548,-0.707106781186547,0.));
#3389=DIRECTION('',(-0.707106781186547,0.707106781186548,0.));
#3390=DIRECTION('',(0.707106781186548,0.707106781186547,0.));
#3391=DIRECTION('',(0.,0.,1.));
#3392=DIRECTION('',(0.707106781186548,0.707106781186547,0.));
#3393=DIRECTION('',(0.707106781186548,-0.707106781186548,0.));
#3394=DIRECTION('',(-0.707106781186548,-0.707106781186547,0.));
#3395=DIRECTION('',(-0.707106781186547,0.707106781186548,0.));
#3396=DIRECTION('',(-0.707106781186548,-0.707106781186547,0.));
#3397=DIRECTION('',(0.707106781186548,0.707106781186547,0.));
#3398=DIRECTION('',(0.,0.,-1.));
#3399=DIRECTION('',(0.,0.,-1.));
#3400=DIRECTION('',(-0.707106781186547,0.707106781186548,0.));
#3401=DIRECTION('',(0.,0.,-1.));
#3402=DIRECTION('',(-0.707106781186547,0.707106781186548,0.));
#3403=DIRECTION('',(0.306269503978821,0.306269503978821,0.901331227610102));
#3404=DIRECTION('',(-0.707106781186547,0.707106781186548,0.));
#3405=DIRECTION('',(0.306269503978821,0.306269503978821,0.901331227610102));
#3406=DIRECTION('',(-0.707106781186547,0.707106781186548,0.));
#3407=DIRECTION('',(-0.707106781186548,-0.707106781186547,0.));
#3408=DIRECTION('',(0.,0.,1.));
#3409=DIRECTION('',(-0.707106781186548,-0.707106781186547,0.));
#3410=DIRECTION('',(-0.707106781186547,0.707106781186548,0.));
#3411=DIRECTION('',(-0.707106781186548,-0.707106781186547,0.));
#3412=DIRECTION('',(-0.707106781186548,-0.707106781186547,0.));
#3413=DIRECTION('',(0.,0.,1.));
#3414=DIRECTION('',(-0.707106781186548,-0.707106781186548,0.));
#3415=DIRECTION('',(0.707106781186548,-0.707106781186548,0.));
#3416=DIRECTION('',(0.707106781186548,0.707106781186548,0.));
#3417=DIRECTION('',(-0.707106781186548,0.707106781186548,0.));
#3418=DIRECTION('',(0.707106781186548,0.707106781186548,0.));
#3419=DIRECTION('',(-0.707106781186548,0.707106781186548,0.));
#3420=DIRECTION('',(-0.707106781186548,-0.707106781186548,0.));
#3421=DIRECTION('',(0.707106781186548,-0.707106781186548,0.));
#3422=DIRECTION('',(0.707106781186547,-0.707106781186548,0.));
#3423=DIRECTION('',(0.707106781186548,0.707106781186548,0.));
#3424=DIRECTION('',(-0.707106781186548,0.707106781186548,0.));
#3425=DIRECTION('',(0.707106781186548,0.707106781186548,0.));
#3426=DIRECTION('',(-0.707106781186548,0.707106781186548,0.));
#3427=DIRECTION('',(0.707106781186548,0.707106781186548,0.));
#3428=DIRECTION('',(0.664090669734787,-0.664090669734788,-0.343463483855858));
#3429=DIRECTION('',(0.707106781186548,0.707106781186548,0.));
#3430=DIRECTION('',(0.664090669734787,-0.664090669734788,-0.343463483855858));
#3431=DIRECTION('',(0.,0.,1.));
#3432=DIRECTION('',(1.,0.,0.));
#3433=DIRECTION('',(0.,0.,-1.));
#3434=DIRECTION('',(-1.,0.,0.));
#3435=DIRECTION('',(0.,0.,-1.));
#3436=DIRECTION('',(-1.,0.,0.));
#3437=DIRECTION('',(0.,0.,1.));
#3438=DIRECTION('',(1.,0.,0.));
#3439=DIRECTION('',(0.,0.,-1.));
#3440=DIRECTION('',(-1.,0.,0.));
#3441=DIRECTION('',(0.,0.,-1.));
#3442=DIRECTION('',(-1.,0.,0.));
#3443=DIRECTION('',(0.,0.,-1.));
#3444=DIRECTION('',(0.38268343236509,-0.923879532511287,0.));
#3445=DIRECTION('',(0.,0.,-1.));
#3446=DIRECTION('',(0.38268343236509,-0.923879532511287,0.));
#3447=DIRECTION('',(-1.,-4.12356228201374E-16,0.));
#3448=DIRECTION('',(4.12356228201374E-16,-1.,0.));
#3449=DIRECTION('',(1.,4.12356228201374E-16,0.));
#3450=DIRECTION('',(-4.12356228201374E-16,1.,0.));
#3451=DIRECTION('',(1.,4.12356228201374E-16,0.));
#3452=DIRECTION('',(-4.12356228201374E-16,1.,0.));
#3453=DIRECTION('',(-1.,-4.12356228201374E-16,0.));
#3454=DIRECTION('',(4.12356228201374E-16,-1.,0.));
#3455=DIRECTION('',(-2.06178114100687E-16,-1.,0.));
#3456=DIRECTION('',(1.,4.12356228201374E-16,0.));
#3457=DIRECTION('',(-4.12356228201374E-16,1.,0.));
#3458=DIRECTION('',(1.,4.12356228201374E-16,0.));
#3459=DIRECTION('',(-4.12356228201374E-16,1.,0.));
#3460=DIRECTION('',(1.,4.12356228201374E-16,0.));
#3461=DIRECTION('',(3.96538135682707E-16,-0.961639739048778,-0.2743155341613));
#3462=DIRECTION('',(1.,4.12356228201374E-16,0.));
#3463=DIRECTION('',(3.96538135682707E-16,-0.961639739048778,-0.2743155341613));
#3464=DIRECTION('',(0.,0.,1.));
#3465=DIRECTION('',(1.,0.,0.));
#3466=DIRECTION('',(0.,0.,-1.));
#3467=DIRECTION('',(-1.,0.,0.));
#3468=DIRECTION('',(0.,0.,-1.));
#3469=DIRECTION('',(-1.,0.,0.));
#3470=DIRECTION('',(0.,0.,1.));
#3471=DIRECTION('',(1.,0.,0.));
#3472=DIRECTION('',(0.,0.,-1.));
#3473=DIRECTION('',(-1.,0.,0.));
#3474=DIRECTION('',(0.,0.,-1.));
#3475=DIRECTION('',(-1.,0.,0.));
#3476=DIRECTION('',(0.,0.,-1.));
#3477=DIRECTION('',(-0.38268343236509,-0.923879532511287,0.));
#3478=DIRECTION('',(0.,0.,-1.));
#3479=DIRECTION('',(-0.38268343236509,-0.923879532511287,0.));
#3480=DIRECTION('',(-0.707106781186547,0.707106781186548,0.));
#3481=DIRECTION('',(-0.707106781186548,-0.707106781186547,0.));
#3482=DIRECTION('',(0.707106781186547,-0.707106781186548,0.));
#3483=DIRECTION('',(0.707106781186548,0.707106781186547,0.));
#3484=DIRECTION('',(0.707106781186547,-0.707106781186548,0.));
#3485=DIRECTION('',(0.707106781186548,0.707106781186547,0.));
#3486=DIRECTION('',(-0.707106781186547,0.707106781186548,0.));
#3487=DIRECTION('',(-0.707106781186548,-0.707106781186547,0.));
#3488=DIRECTION('',(-0.707106781186548,-0.707106781186547,0.));
#3489=DIRECTION('',(0.707106781186547,-0.707106781186548,0.));
#3490=DIRECTION('',(0.707106781186548,0.707106781186547,0.));
#3491=DIRECTION('',(0.707106781186547,-0.707106781186548,0.));
#3492=DIRECTION('',(0.707106781186548,0.707106781186547,0.));
#3493=DIRECTION('',(0.707106781186547,-0.707106781186548,0.));
#3494=DIRECTION('',(-0.694477147483866,-0.694477147483866,-0.18815680494031));
#3495=DIRECTION('',(0.707106781186547,-0.707106781186548,0.));
#3496=DIRECTION('',(-0.694477147483866,-0.694477147483866,-0.18815680494031));
#3497=DIRECTION('',(0.,0.,1.));
#3498=DIRECTION('',(1.,0.,0.));
#3499=DIRECTION('',(0.,0.,-1.));
#3500=DIRECTION('',(-1.,0.,0.));
#3501=DIRECTION('',(0.,0.,-1.));
#3502=DIRECTION('',(-1.,0.,0.));
#3503=DIRECTION('',(0.,0.,1.));
#3504=DIRECTION('',(1.,0.,0.));
#3505=DIRECTION('',(0.,0.,-1.));
#3506=DIRECTION('',(-1.,0.,0.));
#3507=DIRECTION('',(0.,0.,-1.));
#3508=DIRECTION('',(-1.,0.,0.));
#3509=DIRECTION('',(0.,0.,-1.));
#3510=DIRECTION('',(-0.923879532511287,-0.38268343236509,0.));
#3511=DIRECTION('',(0.,0.,-1.));
#3512=DIRECTION('',(-0.923879532511287,-0.38268343236509,0.));
#3513=DIRECTION('',(0.,1.,0.));
#3514=DIRECTION('',(0.,0.,1.));
#3515=DIRECTION('',(0.,-1.,0.));
#3516=DIRECTION('',(0.,0.,-1.));
#3517=DIRECTION('',(0.,-1.,0.));
#3518=DIRECTION('',(0.,0.,-1.));
#3519=DIRECTION('',(0.,1.,0.));
#3520=DIRECTION('',(0.,0.,1.));
#3521=DIRECTION('',(0.,-1.,0.));
#3522=DIRECTION('',(0.,0.,-1.));
#3523=DIRECTION('',(0.,-1.,0.));
#3524=DIRECTION('',(0.,0.,-1.));
#3525=DIRECTION('',(0.,-1.,0.));
#3526=DIRECTION('',(-0.989047443513125,0.,-0.147597948766748));
#3527=DIRECTION('',(0.,-1.,0.));
#3528=DIRECTION('',(-0.989047443513125,0.,-0.147597948766748));
#3529=CARTESIAN_POINT('',(0.,0.,0.));
#3530=CARTESIAN_POINT('',(0.0414325876810436,-0.0414325876810436,0.));
#3531=CARTESIAN_POINT('',(0.0586878012074341,-0.0241773741546531,0.));
#3532=CARTESIAN_POINT('',(0.0586878012074341,-0.0241773741546531,0.003));
#3533=CARTESIAN_POINT('',(0.0586878012074341,-0.0241773741546531,0.));
#3534=CARTESIAN_POINT('',(0.0414325876810436,-0.0414325876810436,0.003));
#3535=CARTESIAN_POINT('',(0.0245465909238375,-0.0583185844382497,0.003));
#3536=CARTESIAN_POINT('',(0.0245465909238375,-0.0583185844382497,0.));
#3537=CARTESIAN_POINT('',(0.0245465909238375,-0.0583185844382497,0.));
#3538=CARTESIAN_POINT('',(0.0414325876810436,-0.0414325876810436,0.));
#3539=CARTESIAN_POINT('',(-6.93889390390723E-18,-0.0583185844382497,0.));
#3540=CARTESIAN_POINT('',(0.,-0.0583185844382497,0.003));
#3541=CARTESIAN_POINT('',(-0.0236351762333893,-0.0583185844382497,0.003));
#3542=CARTESIAN_POINT('',(-0.0236351762333893,-0.0583185844382497,0.));
#3543=CARTESIAN_POINT('',(-0.0236351762333893,-0.0583185844382497,0.));
#3544=CARTESIAN_POINT('',(0.,-0.0583185844382497,0.));
#3545=CARTESIAN_POINT('',(-0.0409768803358195,-0.0409768803358195,0.));
#3546=CARTESIAN_POINT('',(-0.0409768803358195,-0.0409768803358195,0.003));
#3547=CARTESIAN_POINT('',(-0.0577636436669253,-0.0241901170047137,0.003));
#3548=CARTESIAN_POINT('',(-0.0577636436669253,-0.0241901170047137,0.));
#3549=CARTESIAN_POINT('',(-0.0577636436669253,-0.0241901170047137,0.));
#3550=CARTESIAN_POINT('',(-0.0409768803358195,-0.0409768803358195,0.));
#3551=CARTESIAN_POINT('',(-0.0577636436669253,3.46944695195361E-18,0.));
#3552=CARTESIAN_POINT('',(-0.0577636436669253,1.38777878078145E-17,0.003));
#3553=CARTESIAN_POINT('',(-0.0577636436669253,0.0241901170047137,0.003));
#3554=CARTESIAN_POINT('',(-0.0577636436669253,0.0241901170047137,0.));
#3555=CARTESIAN_POINT('',(-0.0577636436669253,0.0241901170047137,0.));
#3556=CARTESIAN_POINT('',(-0.0577636436669253,1.38777878078145E-17,0.));
#3557=CARTESIAN_POINT('',(-0.0409768803358195,0.0409768803358195,0.));
#3558=CARTESIAN_POINT('',(-0.0409768803358195,0.0409768803358195,0.003));
#3559=CARTESIAN_POINT('',(-0.0236351762333893,0.0583185844382497,0.003));
#3560=CARTESIAN_POINT('',(-0.0236351762333893,0.0583185844382497,0.));
#3561=CARTESIAN_POINT('',(-0.0236351762333893,0.0583185844382497,0.));
#3562=CARTESIAN_POINT('',(-0.0409768803358195,0.0409768803358195,0.));
#3563=CARTESIAN_POINT('',(0.,0.0583185844382497,0.));
#3564=CARTESIAN_POINT('',(0.,0.0583185844382497,0.003));
#3565=CARTESIAN_POINT('',(0.0245465909238375,0.0583185844382497,0.003));
#3566=CARTESIAN_POINT('',(0.0245465909238375,0.0583185844382497,0.));
#3567=CARTESIAN_POINT('',(0.0245465909238375,0.0583185844382497,0.));
#3568=CARTESIAN_POINT('',(0.,0.0583185844382497,0.));
#3569=CARTESIAN_POINT('',(0.0414325876810436,0.0414325876810435,0.));
#3570=CARTESIAN_POINT('',(0.0414325876810436,0.0414325876810436,0.003));
#3571=CARTESIAN_POINT('',(0.0586878012074341,0.0241773741546531,0.003));
#3572=CARTESIAN_POINT('',(0.0586878012074341,0.0241773741546531,0.));
#3573=CARTESIAN_POINT('',(0.0586878012074341,0.0241773741546531,0.));
#3574=CARTESIAN_POINT('',(0.0414325876810436,0.0414325876810436,0.));
#3575=CARTESIAN_POINT('',(0.0586878012074341,-1.35114225223047E-17,0.));
#3576=CARTESIAN_POINT('',(0.0586878012074341,-2.5078186773566E-18,0.003));
#3577=CARTESIAN_POINT('',(0.0586878012074341,-2.5078186773566E-18,0.));
#3578=CARTESIAN_POINT('',(0.,1.38777878078145E-17,0.));
#3579=CARTESIAN_POINT('',(0.,1.38777878078145E-17,0.003));
#3580=CARTESIAN_POINT('',(0.,0.,0.));
#3581=CARTESIAN_POINT('',(0.3,0.648796015803486,0.948061381378493));
#3582=CARTESIAN_POINT('',(0.3,0.646247509877179,0.94964413769062));
#3583=CARTESIAN_POINT('',(0.0340748929564725,0.646247509877179,0.94964413769062));
#3584=CARTESIAN_POINT('',(0.0317862293681859,0.646247509877179,0.94964413769062));
#3585=CARTESIAN_POINT('',(0.0340748929564725,0.646247509877179,0.94964413769062));
#3586=CARTESIAN_POINT('',(0.0340748929564725,0.648796015803486,0.948061381378493));
#3587=CARTESIAN_POINT('',(0.3,0.648796015803486,0.948061381378493));
#3588=CARTESIAN_POINT('',(0.031786229368186,0.648796015803486,0.948061381378493));
#3589=CARTESIAN_POINT('',(0.0317862293681859,0.648796015803486,0.948061381378493));
#3590=CARTESIAN_POINT('',(0.0239420250285426,0.0602339150564402,0.000376642887488442));
#3591=CARTESIAN_POINT('',(0.567001294243402,0.648796015803486,0.948061381378493));
#3592=CARTESIAN_POINT('',(0.567001294243402,0.646247509877179,0.94964413769062));
#3593=CARTESIAN_POINT('',(0.567001294243402,0.648796015803486,0.948061381378493));
#3594=CARTESIAN_POINT('',(0.0239420250285426,0.0576854091301334,0.00195939919961582));
#3595=CARTESIAN_POINT('',(0.0245447021377968,0.0583385844382497,0.00301112215336242));
#3596=CARTESIAN_POINT('',(0.0245447021377968,0.0608870903645565,0.00142836584123504));
#3597=CARTESIAN_POINT('',(0.0245447021377968,0.0608870903645565,0.00142836584123503));
#3598=CARTESIAN_POINT('',(0.0239420250285426,0.0602339150564402,0.000376642887488432));
#3599=CARTESIAN_POINT('',(0.,0.0608870903645565,0.00142836584123505));
#3600=CARTESIAN_POINT('',(0.,0.0583385844382497,0.00301112215336242));
#3601=CARTESIAN_POINT('',(-0.0236306620234246,0.0583385844382497,0.00301112215336242));
#3602=CARTESIAN_POINT('',(-0.0236306620234246,0.0608870903645565,0.00142836584123505));
#3603=CARTESIAN_POINT('',(-0.0236306620234246,0.0608870903645565,0.00142836584123503));
#3604=CARTESIAN_POINT('',(0.,0.0608870903645565,0.00142836584123503));
#3605=CARTESIAN_POINT('',(-0.0237170888743919,0.059970201744402,-4.79802420645684E-5));
#3606=CARTESIAN_POINT('',(-0.0252261249596118,0.0414125736708267,-0.0242426239975728));
#3607=CARTESIAN_POINT('',(-0.0252261249596119,0.0439610795971336,-0.0258253803097002));
#3608=CARTESIAN_POINT('',(0.3,0.648796015803486,0.948061381378493));
#3609=CARTESIAN_POINT('',(0.565925107043528,0.646247509877179,0.94964413769062));
#3610=CARTESIAN_POINT('',(0.565925107043528,0.646247509877179,0.94964413769062));
#3611=CARTESIAN_POINT('',(0.565925107043528,0.648796015803486,0.948061381378492));
#3612=CARTESIAN_POINT('',(0.3,0.646247509877179,0.94964413769062));
#3613=CARTESIAN_POINT('',(0.3,0.648796015803486,0.948061381378493));
#3614=CARTESIAN_POINT('',(0.,0.0432992163761394,-0.0268910922757077));
#3615=CARTESIAN_POINT('',(0.3,0.648796015803486,0.948061381378492));
#3616=CARTESIAN_POINT('',(0.,0.0407507104498327,-0.0253083359635803));
#3617=CARTESIAN_POINT('',(0.3,0.646247509877179,0.94964413769062));
#3618=CARTESIAN_POINT('',(0.758284761656909,0.458284761656909,0.947764581356579));
#3619=CARTESIAN_POINT('',(0.75666393360623,0.45666393360623,0.949699996779753));
#3620=CARTESIAN_POINT('',(0.568626487127993,0.644701380084467,0.949699996779753));
#3621=CARTESIAN_POINT('',(0.567053528207378,0.646274339005082,0.949699996779754));
#3622=CARTESIAN_POINT('',(0.568626487127993,0.644701380084467,0.949699996779754));
#3623=CARTESIAN_POINT('',(0.570247315178672,0.646322208135146,0.947764581356579));
#3624=CARTESIAN_POINT('',(0.758284761656909,0.458284761656909,0.947764581356579));
#3625=CARTESIAN_POINT('',(0.568674356258057,0.647895167055761,0.947764581356579));
#3626=CARTESIAN_POINT('',(0.568674356258057,0.647895167055761,0.947764581356579));
#3627=CARTESIAN_POINT('',(0.0430675578673468,0.0430675578673467,0.00107387334713163));
#3628=CARTESIAN_POINT('',(0.0603210016908191,0.0258141140438743,0.00107387334713163));
#3629=CARTESIAN_POINT('',(0.0587001736401397,0.0241932859931949,0.00300928877030607));
#3630=CARTESIAN_POINT('',(0.0603210016908191,0.0258141140438744,0.00107387334713163));
#3631=CARTESIAN_POINT('',(0.0414467298166673,0.0414467298166673,0.00300928877030607));
#3632=CARTESIAN_POINT('',(0.0245638761288578,0.0583295835044768,0.00300928877030607));
#3633=CARTESIAN_POINT('',(0.0261847041795372,0.0599504115551562,0.00107387334713163));
#3634=CARTESIAN_POINT('',(0.0261847041795372,0.0599504115551562,0.00107387334713163));
#3635=CARTESIAN_POINT('',(0.0430675578673468,0.0430675578673467,0.00107387334713162));
#3636=CARTESIAN_POINT('',(0.0255808355850825,0.059295944927524,2.00711500967767E-5));
#3637=CARTESIAN_POINT('',(0.00674132397696,0.039013683141777,-0.028092584695058));
#3638=CARTESIAN_POINT('',(0.00836215202763942,0.0406345111924564,-0.0300280001182324));
#3639=CARTESIAN_POINT('',(0.758284761656909,0.458284761656909,0.947764581356579));
#3640=CARTESIAN_POINT('',(0.944701380084467,0.268626487127993,0.949699996779753));
#3641=CARTESIAN_POINT('',(0.944701380084467,0.268626487127993,0.949699996779753));
#3642=CARTESIAN_POINT('',(0.946322208135146,0.270247315178673,0.947764581356579));
#3643=CARTESIAN_POINT('',(0.75666393360623,0.45666393360623,0.949699996779753));
#3644=CARTESIAN_POINT('',(0.945599889564781,0.267727977647679,0.949699996779754));
#3645=CARTESIAN_POINT('',(0.94722071761546,0.269348805698359,0.947764581356579));
#3646=CARTESIAN_POINT('',(0.94722071761546,0.269348805698359,0.947764581356579));
#3647=CARTESIAN_POINT('',(0.758284761656909,0.458284761656909,0.947764581356579));
#3648=CARTESIAN_POINT('',(0.0595393267153847,0.025599473120331,0.00023950118234212));
#3649=CARTESIAN_POINT('',(0.0579184986647053,0.0239786450696515,0.00217491660551656));
#3650=CARTESIAN_POINT('',(0.0595393267153847,0.025599473120331,0.000239501182342116));
#3651=CARTESIAN_POINT('',(0.0247683814266441,0.0247683814266441,-0.0295756896606645));
#3652=CARTESIAN_POINT('',(0.758284761656909,0.458284761656909,0.947764581356579));
#3653=CARTESIAN_POINT('',(0.0231475533759647,0.0231475533759646,-0.0276402742374901));
#3654=CARTESIAN_POINT('',(0.75666393360623,0.45666393360623,0.949699996779754));
#3655=CARTESIAN_POINT('',(-0.159218868738824,0.459218868738824,0.948575890537818));
#3656=CARTESIAN_POINT('',(-0.157247750532427,0.457247750532427,0.949684667356125));
#3657=CARTESIAN_POINT('',(-0.346741378833483,0.26775412223137,0.949684667356125));
#3658=CARTESIAN_POINT('',(-0.346758926130969,0.267736574933885,0.949684667356125));
#3659=CARTESIAN_POINT('',(-0.346741378833483,0.26775412223137,0.949684667356126));
#3660=CARTESIAN_POINT('',(-0.348712497039881,0.269725240437768,0.948575890537818));
#3661=CARTESIAN_POINT('',(-0.159218868738824,0.459218868738824,0.948575890537818));
#3662=CARTESIAN_POINT('',(-0.348730044337367,0.269707693140283,0.948575890537818));
#3663=CARTESIAN_POINT('',(-0.348730044337367,0.269707693140283,0.948575890537818));
#3664=CARTESIAN_POINT('',(-0.0257081823951053,0.0593869627766326,0.000430802560525625));
#3665=CARTESIAN_POINT('',(0.0297972273059348,0.648234964783584,0.948575890537818));
#3666=CARTESIAN_POINT('',(0.0317683455123324,0.646263846577186,0.949684667356125));
#3667=CARTESIAN_POINT('',(0.0297972273059347,0.648234964783583,0.948575890537818));
#3668=CARTESIAN_POINT('',(-0.0237370641887077,0.0574158445702351,0.00153957937883323));
#3669=CARTESIAN_POINT('',(-0.0236507752925054,0.058331269650381,0.00301356891466145));
#3670=CARTESIAN_POINT('',(-0.0256218934989029,0.0603023878567786,0.00190479209635385));
#3671=CARTESIAN_POINT('',(-0.0256218934989029,0.0603023878567786,0.00190479209635386));
#3672=CARTESIAN_POINT('',(-0.0257081823951053,0.0593869627766326,0.000430802560525629));
#3673=CARTESIAN_POINT('',(-0.0429621406778407,0.0429621406778407,0.00190479209635385));
#3674=CARTESIAN_POINT('',(-0.0409910224714432,0.0409910224714432,0.00301356891466145));
#3675=CARTESIAN_POINT('',(-0.0577751171330473,0.0242069278098392,0.00301356891466145));
#3676=CARTESIAN_POINT('',(-0.0597462353394448,0.0261780460162368,0.00190479209635385));
#3677=CARTESIAN_POINT('',(-0.0597462353394448,0.0261780460162367,0.00190479209635386));
#3678=CARTESIAN_POINT('',(-0.0429621406778407,0.0429621406778407,0.00190479209635386));
#3679=CARTESIAN_POINT('',(-0.0591753317743676,0.0256969396725034,3.45907624801417E-5));
#3680=CARTESIAN_POINT('',(-0.0506982328506536,0.0182431641719897,-0.02016932787249));
#3681=CARTESIAN_POINT('',(-0.0526693510570512,0.0202142823783873,-0.0212781046907976));
#3682=CARTESIAN_POINT('',(-0.159218868738824,0.459218868738824,0.948575890537818));
#3683=CARTESIAN_POINT('',(0.0307896959458102,0.645285197010664,0.949684667356125));
#3684=CARTESIAN_POINT('',(0.0307896959458102,0.645285197010664,0.949684667356125));
#3685=CARTESIAN_POINT('',(0.0288185777394127,0.647256315217061,0.948575890537818));
#3686=CARTESIAN_POINT('',(-0.157247750532427,0.457247750532427,0.949684667356125));
#3687=CARTESIAN_POINT('',(-0.159218868738824,0.459218868738824,0.948575890537818));
#3688=CARTESIAN_POINT('',(-0.0366310255345232,0.0366310255345232,-0.0206053760812971));
#3689=CARTESIAN_POINT('',(-0.159946959650234,0.458490777827415,0.948575890537818));
#3690=CARTESIAN_POINT('',(-0.0346599073281256,0.0346599073281256,-0.0194965992629895));
#3691=CARTESIAN_POINT('',(-0.157975841443837,0.456519659621017,0.949684667356125));
#3692=CARTESIAN_POINT('',(0.947838213747509,-1.11022302462516E-16,0.947692475348464));
#3693=CARTESIAN_POINT('',(0.945648883592194,-1.10411042513206E-16,0.949743532020286));
#3694=CARTESIAN_POINT('',(0.945648883592194,0.265925107043528,0.949743532020286));
#3695=CARTESIAN_POINT('',(0.945648883592194,0.267719881184853,0.949743532020286));
#3696=CARTESIAN_POINT('',(0.945648883592194,0.265925107043528,0.949743532020286));
#3697=CARTESIAN_POINT('',(0.947838213747509,0.265925107043528,0.947692475348464));
#3698=CARTESIAN_POINT('',(0.947838213747509,-1.11022302462516E-16,0.947692475348464));
#3699=CARTESIAN_POINT('',(0.947838213747509,0.267719881184853,0.947692475348464));
#3700=CARTESIAN_POINT('',(0.947838213747509,0.267719881184853,0.947692475348464));
#3701=CARTESIAN_POINT('',(0.0601147233356888,-0.0239589884592376,0.000122457493150958));
#3702=CARTESIAN_POINT('',(0.947838213747509,-0.267719881184853,0.947692475348464));
#3703=CARTESIAN_POINT('',(0.945648883592194,-0.267719881184853,0.949743532020286));
#3704=CARTESIAN_POINT('',(0.947838213747509,-0.267719881184853,0.947692475348464));
#3705=CARTESIAN_POINT('',(0.0579253931803732,-0.0239589884592376,0.00217351416497297));
#3706=CARTESIAN_POINT('',(0.0587078012074341,-0.0241738306721699,0.00300866880059979));
#3707=CARTESIAN_POINT('',(0.0608971313627497,-0.0241738306721699,0.000957612128777782));
#3708=CARTESIAN_POINT('',(0.0608971313627497,-0.0241738306721699,0.000957612128777774));
#3709=CARTESIAN_POINT('',(0.0601147233356888,-0.0239589884592376,0.000122457493150949));
#3710=CARTESIAN_POINT('',(0.0608971313627497,-1.4128266462204E-17,0.000957612128777781));
#3711=CARTESIAN_POINT('',(0.0587078012074341,-1.63911904757613E-17,0.00300866880059979));
#3712=CARTESIAN_POINT('',(0.0587078012074341,0.0241738306721699,0.0030086688005998));
#3713=CARTESIAN_POINT('',(0.0608971313627497,0.0241738306721699,0.000957612128777781));
#3714=CARTESIAN_POINT('',(0.0608971313627497,0.0241738306721699,0.000957612128777776));
#3715=CARTESIAN_POINT('',(0.0608971313627497,-1.70024504250704E-17,0.000957612128777777));
#3716=CARTESIAN_POINT('',(0.0601147233356888,0.0239589884592375,0.000122457493150959));
#3717=CARTESIAN_POINT('',(0.0277533386554575,0.0156740134351482,-0.03003261145151));
#3718=CARTESIAN_POINT('',(0.0299426688107731,0.0156740134351482,-0.032083668123332));
#3719=CARTESIAN_POINT('',(0.0319544435264959,-8.92166559839456E-18,-0.0299362681458752));
#3720=CARTESIAN_POINT('',(0.947838213747509,-1.11022302462516E-16,0.947692475348464));
#3721=CARTESIAN_POINT('',(0.0297651133711802,-8.31040564908543E-18,-0.0278852114740531));
#3722=CARTESIAN_POINT('',(0.945648883592194,-1.10411042513206E-16,0.949743532020286));
#3723=CARTESIAN_POINT('',(0.759619407771257,0.459619407771257,1.75));
#3724=CARTESIAN_POINT('',(0.57158196129302,0.647656854249493,1.75));
#3725=CARTESIAN_POINT('',(0.56946064094946,0.645535533905934,1.75));
#3726=CARTESIAN_POINT('',(0.57158196129302,0.647656854249493,1.75));
#3727=CARTESIAN_POINT('',(0.757498087427697,0.457498087427697,1.75));
#3728=CARTESIAN_POINT('',(0.945535533905934,0.26946064094946,1.75));
#3729=CARTESIAN_POINT('',(0.947656854249493,0.27158196129302,1.75));
#3730=CARTESIAN_POINT('',(0.947656854249493,0.27158196129302,1.75));
#3731=CARTESIAN_POINT('',(0.759619407771257,0.459619407771257,1.75));
#3732=CARTESIAN_POINT('',(0.947656854249493,0.271581961293019,1.75));
#3733=CARTESIAN_POINT('',(0.945535533905934,0.26946064094946,0.953161959806656));
#3734=CARTESIAN_POINT('',(0.945535533905934,0.26946064094946,0.953161959806656));
#3735=CARTESIAN_POINT('',(0.947656854249493,0.271581961293019,0.953161959806656));
#3736=CARTESIAN_POINT('',(0.945535533905934,0.26946064094946,1.75));
#3737=CARTESIAN_POINT('',(0.945535533905934,0.26946064094946,0.952925689151711));
#3738=CARTESIAN_POINT('',(0.947656854249493,0.271581961293019,0.952925689151711));
#3739=CARTESIAN_POINT('',(0.947656854249493,0.271581961293019,0.952925689151711));
#3740=CARTESIAN_POINT('',(0.947656854249494,0.27158196129302,1.75));
#3741=CARTESIAN_POINT('',(0.759619407771257,0.459619407771257,1.75));
#3742=CARTESIAN_POINT('',(0.759619407771257,0.459619407771257,0.952925689151711));
#3743=CARTESIAN_POINT('',(0.57158196129302,0.647656854249493,0.952925689151711));
#3744=CARTESIAN_POINT('',(0.57158196129302,0.647656854249493,1.75));
#3745=CARTESIAN_POINT('',(0.947656854249494,0.27158196129302,1.75));
#3746=CARTESIAN_POINT('',(0.757498087427697,0.457498087427697,1.75));
#3747=CARTESIAN_POINT('',(0.757498087427697,0.457498087427697,0.952925689151711));
#3748=CARTESIAN_POINT('',(0.56946064094946,0.645535533905934,0.952925689151711));
#3749=CARTESIAN_POINT('',(0.945535533905934,0.26946064094946,1.75));
#3750=CARTESIAN_POINT('',(0.56946064094946,0.645535533905934,1.75));
#3751=CARTESIAN_POINT('',(0.95,-1.11022302462516E-16,0.953161959806656));
#3752=CARTESIAN_POINT('',(0.947,-1.11022302462516E-16,0.953161959806656));
#3753=CARTESIAN_POINT('',(0.947,-0.26798445912664,0.953161959806656));
#3754=CARTESIAN_POINT('',(0.947,-0.267719881184853,0.953161959806656));
#3755=CARTESIAN_POINT('',(0.947,-0.267719881184853,0.953161959806656));
#3756=CARTESIAN_POINT('',(0.95,-0.267719881184853,0.953161959806656));
#3757=CARTESIAN_POINT('',(0.95,-1.11022302462516E-16,0.953161959806656));
#3758=CARTESIAN_POINT('',(0.95,-0.26798445912664,0.953161959806656));
#3759=CARTESIAN_POINT('',(0.95,-0.26798445912664,0.953161959806656));
#3760=CARTESIAN_POINT('',(0.95,-0.26798445912664,1.75));
#3761=CARTESIAN_POINT('',(0.9485,-0.26798445912664,0.958158153603082));
#3762=CARTESIAN_POINT('',(0.947,-0.26798445912664,0.958158153603082));
#3763=CARTESIAN_POINT('',(0.95,-0.26798445912664,0.958158153603082));
#3764=CARTESIAN_POINT('',(0.947,-0.26798445912664,1.75));
#3765=CARTESIAN_POINT('',(0.95,-0.26798445912664,1.75));
#3766=CARTESIAN_POINT('',(0.95,-1.11022302462516E-16,1.75));
#3767=CARTESIAN_POINT('',(0.95,0.265925107043527,1.75));
#3768=CARTESIAN_POINT('',(0.947,0.265925107043527,1.75));
#3769=CARTESIAN_POINT('',(0.95,0.265925107043527,1.75));
#3770=CARTESIAN_POINT('',(0.947,-1.11022302462516E-16,1.75));
#3771=CARTESIAN_POINT('',(0.947,-0.26798445912664,1.75));
#3772=CARTESIAN_POINT('',(0.95,-0.26798445912664,1.75));
#3773=CARTESIAN_POINT('',(0.95,-0.26798445912664,1.75));
#3774=CARTESIAN_POINT('',(0.95,-1.11022302462516E-16,1.75));
#3775=CARTESIAN_POINT('',(0.95,-0.26798445912664,1.75));
#3776=CARTESIAN_POINT('',(0.947,-0.26798445912664,1.75));
#3777=CARTESIAN_POINT('',(0.947,-0.26798445912664,1.11544784601256));
#3778=CARTESIAN_POINT('',(0.9485,-0.26798445912664,1.11544784601256));
#3779=CARTESIAN_POINT('',(0.95,-0.26798445912664,1.11544784601256));
#3780=CARTESIAN_POINT('',(0.95,-0.26798445912664,1.75));
#3781=CARTESIAN_POINT('',(0.95,-0.26798445912664,1.11544784601256));
#3782=CARTESIAN_POINT('',(0.947,-0.26798445912664,1.11544784601256));
#3783=CARTESIAN_POINT('',(0.95,-0.260142726988745,1.11423566025278));
#3784=CARTESIAN_POINT('',(0.947,-0.260142726988745,1.11423566025278));
#3785=CARTESIAN_POINT('',(0.95,-0.244183086081325,1.10717871463762));
#3786=CARTESIAN_POINT('',(0.947,-0.244183086081325,1.10717871463762));
#3787=CARTESIAN_POINT('',(0.95,-0.223442448874289,1.08448117572705));
#3788=CARTESIAN_POINT('',(0.947,-0.223442448874289,1.08448117572705));
#3789=CARTESIAN_POINT('',(0.95,-0.209408823417133,1.05350649050766));
#3790=CARTESIAN_POINT('',(0.947,-0.209408823417133,1.05350649050766));
#3791=CARTESIAN_POINT('',(0.95,-0.204451676541822,1.01948699601403));
#3792=CARTESIAN_POINT('',(0.947,-0.204451676541822,1.01948699601403));
#3793=CARTESIAN_POINT('',(0.95,-0.209408823417133,0.98816966473777));
#3794=CARTESIAN_POINT('',(0.947,-0.209408823417133,0.98816966473777));
#3795=CARTESIAN_POINT('',(0.95,-0.223442448874289,0.964844772326767));
#3796=CARTESIAN_POINT('',(0.947,-0.223442448874289,0.964844772326767));
#3797=CARTESIAN_POINT('',(0.95,-0.244183086081325,0.953453048711888));
#3798=CARTESIAN_POINT('',(0.947,-0.244183086081325,0.953453048711888));
#3799=CARTESIAN_POINT('',(0.95,-0.260142726988745,0.955095775651807));
#3800=CARTESIAN_POINT('',(0.947,-0.260142726988745,0.955095775651807));
#3801=CARTESIAN_POINT('',(0.95,-0.26798445912664,0.958158153603083));
#3802=CARTESIAN_POINT('',(0.947,-0.26798445912664,0.958158153603083));
#3803=CARTESIAN_POINT('',(0.947,-0.263139886865638,1.03548260066524));
#3804=CARTESIAN_POINT('',(0.95,-0.263139886865638,1.03548260066524));
#3805=CARTESIAN_POINT('',(0.95,-1.11022302462516E-16,1.75));
#3806=CARTESIAN_POINT('',(0.95,-0.000897387070662724,0.953161959806656));
#3807=CARTESIAN_POINT('',(0.95,0.265925107043527,0.953161959806656));
#3808=CARTESIAN_POINT('',(0.95,0.265925107043527,1.75));
#3809=CARTESIAN_POINT('',(0.947,-1.11022302462516E-16,1.75));
#3810=CARTESIAN_POINT('',(0.947,0.265925107043527,1.75));
#3811=CARTESIAN_POINT('',(0.947,0.265925107043528,0.953161959806656));
#3812=CARTESIAN_POINT('',(0.947,-0.000897387070662724,0.953161959806656));
#3813=CARTESIAN_POINT('',(0.942,0.265925107043528,0.953161959806656));
#3814=CARTESIAN_POINT('',(0.942,0.265925107043528,0.953161959806656));
#3815=CARTESIAN_POINT('',(0.95,0.265925107043527,0.953161959806656));
#3816=CARTESIAN_POINT('',(0.942,0.265925107043528,0.953161959806656));
#3817=CARTESIAN_POINT('',(0.942,-0.267719881184853,0.953161959806656));
#3818=CARTESIAN_POINT('',(0.942,-0.267719881184853,0.953161959806656));
#3819=CARTESIAN_POINT('',(0.942,-0.267719881184853,0.953161959806656));
#3820=CARTESIAN_POINT('',(0.942,-0.000897387070662725,0.953161959806656));
#3821=CARTESIAN_POINT('',(0.942,-0.000897387070662725,0.953161959806656));
#3822=CARTESIAN_POINT('',(0.942,0.265925107043527,0.953161959806656));
#3823=CARTESIAN_POINT('',(0.942,0.265925107043527,0.953161959806656));
#3824=CARTESIAN_POINT('',(0.942,0.265925107043527,0.953161959806656));
#3825=CARTESIAN_POINT('',(0.942,0.265925107043527,1.75));
#3826=CARTESIAN_POINT('',(0.942,0.265925107043527,1.75));
#3827=CARTESIAN_POINT('',(0.942,0.265925107043527,1.75));
#3828=CARTESIAN_POINT('',(0.942,0.265925107043527,1.35158097990333));
#3829=CARTESIAN_POINT('',(0.942,0.265925107043527,1.35158097990333));
#3830=CARTESIAN_POINT('',(0.3,0.65,1.75));
#3831=CARTESIAN_POINT('',(0.0340748929564727,0.65,1.75));
#3832=CARTESIAN_POINT('',(0.0340748929564727,0.647,1.75));
#3833=CARTESIAN_POINT('',(0.0340748929564727,0.65,1.75));
#3834=CARTESIAN_POINT('',(0.3,0.647,1.75));
#3835=CARTESIAN_POINT('',(0.565925107043528,0.647,1.75));
#3836=CARTESIAN_POINT('',(0.565925107043528,0.65,1.75));
#3837=CARTESIAN_POINT('',(0.565925107043528,0.65,1.75));
#3838=CARTESIAN_POINT('',(0.3,0.65,1.75));
#3839=CARTESIAN_POINT('',(0.565925107043528,0.65,1.75));
#3840=CARTESIAN_POINT('',(0.565925107043528,0.647,0.952925689151711));
#3841=CARTESIAN_POINT('',(0.565925107043528,0.647,0.952925689151711));
#3842=CARTESIAN_POINT('',(0.565925107043528,0.65,0.952925689151711));
#3843=CARTESIAN_POINT('',(0.565925107043528,0.647,1.75));
#3844=CARTESIAN_POINT('',(0.565925107043528,0.647,0.952282064877499));
#3845=CARTESIAN_POINT('',(0.565925107043528,0.65,0.952282064877499));
#3846=CARTESIAN_POINT('',(0.565925107043528,0.65,0.952282064877499));
#3847=CARTESIAN_POINT('',(0.565925107043528,0.65,1.75));
#3848=CARTESIAN_POINT('',(0.3,0.65,1.75));
#3849=CARTESIAN_POINT('',(0.3,0.65,0.952282064877499));
#3850=CARTESIAN_POINT('',(0.0340748929564727,0.65,0.952282064877499));
#3851=CARTESIAN_POINT('',(0.0340748929564727,0.65,1.75));
#3852=CARTESIAN_POINT('',(0.565925107043528,0.65,1.75));
#3853=CARTESIAN_POINT('',(0.3,0.647,1.75));
#3854=CARTESIAN_POINT('',(0.3,0.647,0.952282064877499));
#3855=CARTESIAN_POINT('',(0.0340748929564725,0.647,0.952282064877499));
#3856=CARTESIAN_POINT('',(0.565925107043528,0.647,1.75));
#3857=CARTESIAN_POINT('',(0.0340748929564727,0.647,1.75));
#3858=CARTESIAN_POINT('',(-0.159619407771256,0.459619407771257,1.75));
#3859=CARTESIAN_POINT('',(-0.349113036072313,0.2701257794702,1.75));
#3860=CARTESIAN_POINT('',(-0.346991715728753,0.26800445912664,1.75));
#3861=CARTESIAN_POINT('',(-0.349113036072313,0.2701257794702,1.75));
#3862=CARTESIAN_POINT('',(-0.157498087427697,0.457498087427697,1.75));
#3863=CARTESIAN_POINT('',(0.0305393590505399,0.645535533905934,1.75));
#3864=CARTESIAN_POINT('',(0.0284180387069802,0.647656854249493,1.75));
#3865=CARTESIAN_POINT('',(0.0284180387069802,0.647656854249493,1.75));
#3866=CARTESIAN_POINT('',(-0.159619407771256,0.459619407771257,1.75));
#3867=CARTESIAN_POINT('',(0.0284180387069802,0.647656854249493,1.75));
#3868=CARTESIAN_POINT('',(0.0305393590505399,0.645535533905934,0.952282064877499));
#3869=CARTESIAN_POINT('',(0.0305393590505399,0.645535533905934,0.952282064877499));
#3870=CARTESIAN_POINT('',(0.0284180387069802,0.647656854249493,0.952282064877499));
#3871=CARTESIAN_POINT('',(0.0305393590505399,0.645535533905934,1.75));
#3872=CARTESIAN_POINT('',(0.03053935905054,0.645535533905934,0.951532628719971));
#3873=CARTESIAN_POINT('',(0.0284180387069802,0.647656854249493,0.951532628719971));
#3874=CARTESIAN_POINT('',(0.0284180387069804,0.647656854249494,0.951532628719971));
#3875=CARTESIAN_POINT('',(0.0284180387069802,0.647656854249493,1.75));
#3876=CARTESIAN_POINT('',(-0.349113036072313,0.2701257794702,1.75));
#3877=CARTESIAN_POINT('',(-0.346991715728753,0.26800445912664,1.75));
#3878=CARTESIAN_POINT('',(-0.346991715728753,0.26800445912664,0.951532628719971));
#3879=CARTESIAN_POINT('',(-0.349113036072313,0.2701257794702,1.75));
#3880=CARTESIAN_POINT('',(-0.349113036072313,0.2701257794702,0.951532628719971));
#3881=CARTESIAN_POINT('',(-0.349113036072313,0.2701257794702,0.951532628719971));
#3882=CARTESIAN_POINT('',(-0.159619407771256,0.459619407771257,1.75));
#3883=CARTESIAN_POINT('',(-0.159619407771256,0.459619407771257,0.951532628719971));
#3884=CARTESIAN_POINT('',(0.0284180387069802,0.647656854249493,1.75));
#3885=CARTESIAN_POINT('',(-0.157498087427697,0.457498087427697,1.75));
#3886=CARTESIAN_POINT('',(-0.157498087427697,0.457498087427697,0.951532628719971));
#3887=CARTESIAN_POINT('',(0.0305393590505399,0.645535533905934,1.75));
#3888=CARTESIAN_POINT('',(-0.343456181822821,0.264468925220708,0.951532628719971));
#3889=CARTESIAN_POINT('',(-0.343456181822821,0.264468925220708,0.951532628719971));
#3890=CARTESIAN_POINT('',(-0.343456181822821,0.264468925220708,0.951532628719971));
#3891=CARTESIAN_POINT('',(0.0340748929564728,0.642,0.951532628719971));
#3892=CARTESIAN_POINT('',(0.0340748929564728,0.642,0.951532628719971));
#3893=CARTESIAN_POINT('',(0.0340748929564728,0.642,0.951532628719971));
#3894=CARTESIAN_POINT('',(-0.154690644433174,0.453234462610355,0.951532628719971));
#3895=CARTESIAN_POINT('',(-0.154690644433174,0.453234462610355,0.951532628719971));
#3896=CARTESIAN_POINT('',(0.0340748929564727,0.642,0.952282064877499));
#3897=CARTESIAN_POINT('',(0.0340748929564727,0.65,0.952282064877499));
#3898=CARTESIAN_POINT('',(0.0340748929564727,0.642,0.952282064877499));
#3899=CARTESIAN_POINT('',(0.0340748929564727,0.642,0.952282064877499));
#3900=CARTESIAN_POINT('',(0.0340748929564727,0.642,1.75));
#3901=CARTESIAN_POINT('',(0.0340748929564727,0.642,1.75));
#3902=CARTESIAN_POINT('',(0.0340748929564727,0.642,1.75));
#3903=CARTESIAN_POINT('',(0.0340748929564727,0.642,1.35114103243875));
#3904=CARTESIAN_POINT('',(0.0340748929564727,0.642,1.35114103243875));
#3905=CARTESIAN_POINT('',(0.0340748929564725,0.642,0.952282064877499));
#3906=CARTESIAN_POINT('',(0.0340748929564725,0.642,0.952282064877499));
#3907=CARTESIAN_POINT('',(0.0340748929564725,0.642,0.952282064877499));
#3908=CARTESIAN_POINT('',(0.565925107043528,0.642,0.952282064877499));
#3909=CARTESIAN_POINT('',(0.565925107043528,0.642,0.952282064877499));
#3910=CARTESIAN_POINT('',(0.565925107043528,0.642,0.952282064877499));
#3911=CARTESIAN_POINT('',(0.3,0.642,0.952282064877499));
#3912=CARTESIAN_POINT('',(0.3,0.642,0.952282064877499));
#3913=CARTESIAN_POINT('',(0.565925107043528,0.642,0.952925689151711));
#3914=CARTESIAN_POINT('',(0.57158196129302,0.647656854249493,0.952925689151711));
#3915=CARTESIAN_POINT('',(0.565925107043528,0.642,0.952925689151711));
#3916=CARTESIAN_POINT('',(0.565925107043528,0.642,0.952925689151711));
#3917=CARTESIAN_POINT('',(0.565925107043528,0.642,1.75));
#3918=CARTESIAN_POINT('',(0.565925107043528,0.642,1.75));
#3919=CARTESIAN_POINT('',(0.565925107043528,0.642,1.75));
#3920=CARTESIAN_POINT('',(0.565925107043528,0.642,1.35146284457586));
#3921=CARTESIAN_POINT('',(0.565925107043528,0.642,1.35146284457586));
#3922=CARTESIAN_POINT('',(0.565925107043527,0.642,0.952925689151711));
#3923=CARTESIAN_POINT('',(0.565925107043527,0.642,0.952925689151711));
#3924=CARTESIAN_POINT('',(0.565925107043527,0.642,0.952925689151711));
#3925=CARTESIAN_POINT('',(0.942,0.265925107043527,0.952925689151711));
#3926=CARTESIAN_POINT('',(0.942,0.265925107043527,0.952925689151711));
#3927=CARTESIAN_POINT('',(0.942,0.265925107043527,0.952925689151711));
#3928=CARTESIAN_POINT('',(0.753962553521764,0.453962553521764,0.952925689151711));
#3929=CARTESIAN_POINT('',(0.753962553521764,0.453962553521764,0.952925689151711));
#3930=CARTESIAN_POINT('',(0.,0.,0.));
#3931=CARTESIAN_POINT('',(-0.349651437528319,1.66461587740715E-16,0.948858157420351));
#3932=CARTESIAN_POINT('',(-0.3467821484552,1.66461587740715E-16,0.949734045663724));
#3933=CARTESIAN_POINT('',(-0.3467821484552,-0.265925107043528,0.949734045663724));
#3934=CARTESIAN_POINT('',(-0.3467821484552,-0.267729266338534,0.949734045663724));
#3935=CARTESIAN_POINT('',(-0.3467821484552,-0.265925107043528,0.949734045663724));
#3936=CARTESIAN_POINT('',(-0.349651437528319,-0.265925107043528,0.948858157420351));
#3937=CARTESIAN_POINT('',(-0.349651437528319,1.66461587740715E-16,0.948858157420351));
#3938=CARTESIAN_POINT('',(-0.349651437528319,-0.267729266338534,0.948858157420351));
#3939=CARTESIAN_POINT('',(-0.349651437528319,-0.267729266338534,0.948858157420351));
#3940=CARTESIAN_POINT('',(-0.0600823520373999,0.0237064006556231,0.00026977391562032));
#3941=CARTESIAN_POINT('',(-0.349651437528319,0.267729266338535,0.948858157420351));
#3942=CARTESIAN_POINT('',(-0.3467821484552,0.267729266338535,0.949734045663724));
#3943=CARTESIAN_POINT('',(-0.349651437528319,0.267729266338535,0.948858157420351));
#3944=CARTESIAN_POINT('',(-0.0572130629642808,0.0237064006556231,0.00114566215899352));
#3945=CARTESIAN_POINT('',(-0.0577836436669253,0.0241872349198424,0.00301480584007046));
#3946=CARTESIAN_POINT('',(-0.0606529327400444,0.0241872349198424,0.00213891759669727));
#3947=CARTESIAN_POINT('',(-0.0606529327400444,0.0241872349198424,0.00213891759669727));
#3948=CARTESIAN_POINT('',(-0.0600823520373999,0.0237064006556231,0.000269773915620316));
#3949=CARTESIAN_POINT('',(-0.0606529327400444,3.46944695195361E-18,0.00213891759669727));
#3950=CARTESIAN_POINT('',(-0.0577836436669253,0.,0.00301480584007046));
#3951=CARTESIAN_POINT('',(-0.0577836436669253,-0.0241872349198424,0.00301480584007046));
#3952=CARTESIAN_POINT('',(-0.0606529327400444,-0.0241872349198424,0.00213891759669727));
#3953=CARTESIAN_POINT('',(-0.0606529327400444,-0.0241872349198424,0.00213891759669727));
#3954=CARTESIAN_POINT('',(-0.0606529327400444,0.,0.00213891759669727));
#3955=CARTESIAN_POINT('',(-0.0600823520373999,-0.023706400655623,0.00026977391562032));
#3956=CARTESIAN_POINT('',(-0.0507070822469644,-0.0182237433615069,-0.0201670332942842));
#3957=CARTESIAN_POINT('',(-0.0535763713200835,-0.0182237433615069,-0.0210429215376574));
#3958=CARTESIAN_POINT('',(-0.0548854652341374,0.,-0.0167545104398947));
#3959=CARTESIAN_POINT('',(-0.349651437528319,1.66461587740715E-16,0.948858157420351));
#3960=CARTESIAN_POINT('',(-0.0520161761610183,0.,-0.0158786221965215));
#3961=CARTESIAN_POINT('',(-0.3467821484552,1.66461587740715E-16,0.949734045663724));
#3962=CARTESIAN_POINT('',(-0.159218868738824,-0.459218868738824,0.948575890537818));
#3963=CARTESIAN_POINT('',(-0.157247750532427,-0.457247750532427,0.949684667356125));
#3964=CARTESIAN_POINT('',(0.0307896959458102,-0.645285197010664,0.949684667356125));
#3965=CARTESIAN_POINT('',(0.0317683455123324,-0.646263846577186,0.949684667356125));
#3966=CARTESIAN_POINT('',(0.03078969594581,-0.645285197010664,0.949684667356125));
#3967=CARTESIAN_POINT('',(0.0288185777394126,-0.647256315217061,0.948575890537818));
#3968=CARTESIAN_POINT('',(-0.159218868738824,-0.459218868738824,0.948575890537818));
#3969=CARTESIAN_POINT('',(0.0297972273059348,-0.648234964783583,0.948575890537818));
#3970=CARTESIAN_POINT('',(0.0297972273059348,-0.648234964783583,0.948575890537818));
#3971=CARTESIAN_POINT('',(-0.0591753317743676,-0.0256969396725034,3.45907624801418E-5));
#3972=CARTESIAN_POINT('',(-0.348730044337367,-0.269707693140283,0.948575890537818));
#3973=CARTESIAN_POINT('',(-0.346758926130969,-0.267736574933885,0.949684667356125));
#3974=CARTESIAN_POINT('',(-0.348730044337367,-0.269707693140283,0.948575890537818));
#3975=CARTESIAN_POINT('',(-0.0572042135679701,-0.0237258214661058,0.00114336758078773));
#3976=CARTESIAN_POINT('',(-0.0577751171330473,-0.0242069278098392,0.00301356891466144));
#3977=CARTESIAN_POINT('',(-0.0597462353394448,-0.0261780460162367,0.00190479209635385));
#3978=CARTESIAN_POINT('',(-0.0597462353394448,-0.0261780460162367,0.00190479209635384));
#3979=CARTESIAN_POINT('',(-0.0591753317743676,-0.0256969396725034,3.45907624801309E-5));
#3980=CARTESIAN_POINT('',(-0.0429621406778407,-0.0429621406778407,0.00190479209635386));
#3981=CARTESIAN_POINT('',(-0.0409910224714432,-0.0409910224714432,0.00301356891466144));
#3982=CARTESIAN_POINT('',(-0.0236507752925055,-0.058331269650381,0.00301356891466144));
#3983=CARTESIAN_POINT('',(-0.025621893498903,-0.0603023878567785,0.00190479209635385));
#3984=CARTESIAN_POINT('',(-0.025621893498903,-0.0603023878567786,0.00190479209635384));
#3985=CARTESIAN_POINT('',(-0.0429621406778408,-0.0429621406778408,0.00190479209635385));
#3986=CARTESIAN_POINT('',(-0.0257081823951053,-0.0593869627766326,0.000430802560525625));
#3987=CARTESIAN_POINT('',(-0.0252461002739276,-0.0414067224229666,-0.0242378206888024));
#3988=CARTESIAN_POINT('',(-0.0272172184803252,-0.0433778406293642,-0.02534659750711));
#3989=CARTESIAN_POINT('',(-0.159218868738824,-0.459218868738824,0.948575890537818));
#3990=CARTESIAN_POINT('',(-0.345285197010664,-0.26921030405419,0.949684667356125));
#3991=CARTESIAN_POINT('',(-0.345285197010664,-0.26921030405419,0.949684667356125));
#3992=CARTESIAN_POINT('',(-0.347256315217061,-0.271181422260588,0.948575890537818));
#3993=CARTESIAN_POINT('',(-0.157247750532427,-0.457247750532427,0.949684667356125));
#3994=CARTESIAN_POINT('',(-0.159218868738824,-0.459218868738824,0.948575890537818));
#3995=CARTESIAN_POINT('',(-0.0366310255345232,-0.0366310255345232,-0.0206053760812971));
#3996=CARTESIAN_POINT('',(-0.159218868738824,-0.459218868738824,0.948575890537818));
#3997=CARTESIAN_POINT('',(-0.0346599073281257,-0.0346599073281257,-0.0194965992629895));
#3998=CARTESIAN_POINT('',(-0.157247750532427,-0.457247750532427,0.949684667356125));
#3999=CARTESIAN_POINT('',(0.3,-0.648796015803486,0.948061381378493));
#4000=CARTESIAN_POINT('',(0.3,-0.646247509877179,0.94964413769062));
#4001=CARTESIAN_POINT('',(0.565925107043527,-0.646247509877179,0.94964413769062));
#4002=CARTESIAN_POINT('',(0.567001294243402,-0.646247509877179,0.94964413769062));
#4003=CARTESIAN_POINT('',(0.565925107043527,-0.646247509877179,0.94964413769062));
#4004=CARTESIAN_POINT('',(0.565925107043527,-0.648796015803486,0.948061381378493));
#4005=CARTESIAN_POINT('',(0.3,-0.648796015803486,0.948061381378493));
#4006=CARTESIAN_POINT('',(0.567001294243402,-0.648796015803486,0.948061381378493));
#4007=CARTESIAN_POINT('',(0.567001294243402,-0.648796015803486,0.948061381378493));
#4008=CARTESIAN_POINT('',(-0.023717088874392,-0.059970201744402,-4.79802420645684E-5));
#4009=CARTESIAN_POINT('',(0.0317862293681858,-0.648796015803486,0.948061381378493));
#4010=CARTESIAN_POINT('',(0.0317862293681858,-0.646247509877179,0.94964413769062));
#4011=CARTESIAN_POINT('',(0.0317862293681858,-0.648796015803486,0.948061381378493));
#4012=CARTESIAN_POINT('',(-0.023717088874392,-0.0574216958180952,0.00153477607006282));
#4013=CARTESIAN_POINT('',(-0.0236306620234246,-0.0583385844382497,0.00301112215336243));
#4014=CARTESIAN_POINT('',(-0.0236306620234246,-0.0608870903645565,0.00142836584123504));
#4015=CARTESIAN_POINT('',(-0.0236306620234246,-0.0608870903645565,0.00142836584123504));
#4016=CARTESIAN_POINT('',(-0.023717088874392,-0.059970201744402,-4.79802420645684E-5));
#4017=CARTESIAN_POINT('',(-6.93889390390723E-18,-0.0608870903645565,0.00142836584123504));
#4018=CARTESIAN_POINT('',(0.,-0.0583385844382497,0.00301112215336243));
#4019=CARTESIAN_POINT('',(0.0245447021377968,-0.0583385844382497,0.00301112215336243));
#4020=CARTESIAN_POINT('',(0.0245447021377968,-0.0608870903645565,0.00142836584123504));
#4021=CARTESIAN_POINT('',(0.0245447021377968,-0.0608870903645565,0.00142836584123504));
#4022=CARTESIAN_POINT('',(0.,-0.0608870903645565,0.00142836584123504));
#4023=CARTESIAN_POINT('',(0.0239420250285426,-0.0602339150564402,0.000376642887488442));
#4024=CARTESIAN_POINT('',(0.00672334147109947,-0.0390239753950657,-0.0280886720687133));
#4025=CARTESIAN_POINT('',(0.00672334147109947,-0.0415724813213725,-0.0296714283808407));
#4026=CARTESIAN_POINT('',(0.3,-0.648796015803486,0.948061381378493));
#4027=CARTESIAN_POINT('',(0.0340748929564723,-0.646247509877179,0.94964413769062));
#4028=CARTESIAN_POINT('',(0.0340748929564723,-0.646247509877179,0.94964413769062));
#4029=CARTESIAN_POINT('',(0.0340748929564723,-0.648796015803486,0.948061381378493));
#4030=CARTESIAN_POINT('',(0.3,-0.646247509877179,0.94964413769062));
#4031=CARTESIAN_POINT('',(0.3,-0.648796015803486,0.948061381378493));
#4032=CARTESIAN_POINT('',(0.,-0.0432992163761394,-0.0268910922757077));
#4033=CARTESIAN_POINT('',(0.3,-0.648796015803486,0.948061381378493));
#4034=CARTESIAN_POINT('',(0.,-0.0407507104498326,-0.0253083359635803));
#4035=CARTESIAN_POINT('',(0.3,-0.646247509877179,0.94964413769062));
#4036=CARTESIAN_POINT('',(0.0255808355850825,-0.059295944927524,2.00711500967766E-5));
#4037=CARTESIAN_POINT('',(0.568674356258057,-0.647895167055761,0.947764581356579));
#4038=CARTESIAN_POINT('',(0.567053528207378,-0.646274339005082,0.949699996779753));
#4039=CARTESIAN_POINT('',(0.568674356258057,-0.647895167055761,0.947764581356579));
#4040=CARTESIAN_POINT('',(0.0239600075344031,-0.0576751168768446,0.00195548657327123));
#4041=CARTESIAN_POINT('',(0.0245638761288578,-0.0583295835044768,0.00300928877030608));
#4042=CARTESIAN_POINT('',(0.0261847041795372,-0.0599504115551562,0.00107387334713163));
#4043=CARTESIAN_POINT('',(0.0261847041795372,-0.0599504115551562,0.00107387334713164));
#4044=CARTESIAN_POINT('',(0.0255808355850825,-0.059295944927524,2.00711500967856E-5));
#4045=CARTESIAN_POINT('',(0.0430675578673468,-0.0430675578673468,0.00107387334713163));
#4046=CARTESIAN_POINT('',(0.0414467298166673,-0.0414467298166673,0.00300928877030609));
#4047=CARTESIAN_POINT('',(0.0587001736401396,-0.024193285993195,0.00300928877030609));
#4048=CARTESIAN_POINT('',(0.0603210016908191,-0.0258141140438744,0.00107387334713163));
#4049=CARTESIAN_POINT('',(0.0603210016908191,-0.0258141140438744,0.00107387334713164));
#4050=CARTESIAN_POINT('',(0.0430675578673468,-0.0430675578673468,0.00107387334713164));
#4051=CARTESIAN_POINT('',(0.0595393267153847,-0.025599473120331,0.00023950118234212));
#4052=CARTESIAN_POINT('',(0.0277464441397896,-0.0156936700455622,-0.0300312090109664));
#4053=CARTESIAN_POINT('',(0.945599889564781,-0.267727977647679,0.949699996779753));
#4054=CARTESIAN_POINT('',(0.94722071761546,-0.269348805698359,0.947764581356579));
#4055=CARTESIAN_POINT('',(0.94722071761546,-0.269348805698359,0.947764581356579));
#4056=CARTESIAN_POINT('',(0.029367272190469,-0.0173144980962417,-0.0319666244341408));
#4057=CARTESIAN_POINT('',(0.758284761656909,-0.458284761656909,0.947764581356579));
#4058=CARTESIAN_POINT('',(0.568626487127993,-0.644701380084467,0.949699996779754));
#4059=CARTESIAN_POINT('',(0.568626487127993,-0.644701380084467,0.949699996779753));
#4060=CARTESIAN_POINT('',(0.570247315178672,-0.646322208135146,0.947764581356579));
#4061=CARTESIAN_POINT('',(0.75666393360623,-0.45666393360623,0.949699996779753));
#4062=CARTESIAN_POINT('',(0.75828476165691,-0.458284761656909,0.947764581356579));
#4063=CARTESIAN_POINT('',(0.0247683814266441,-0.0247683814266441,-0.0295756896606645));
#4064=CARTESIAN_POINT('',(0.758734016397066,-0.457835506916752,0.947764581356579));
#4065=CARTESIAN_POINT('',(0.0231475533759646,-0.0231475533759646,-0.0276402742374901));
#4066=CARTESIAN_POINT('',(0.757113188346387,-0.456214678866073,0.949699996779754));
#4067=CARTESIAN_POINT('',(-0.35,1.66533453693773E-16,0.951193859402679));
#4068=CARTESIAN_POINT('',(-0.347,1.65914919351471E-16,0.951193859402679));
#4069=CARTESIAN_POINT('',(-0.347,0.26798445912664,0.951193859402679));
#4070=CARTESIAN_POINT('',(-0.347,0.267729266338535,0.951193859402679));
#4071=CARTESIAN_POINT('',(-0.347,0.267729266338535,0.951193859402679));
#4072=CARTESIAN_POINT('',(-0.35,0.267729266338535,0.951193859402679));
#4073=CARTESIAN_POINT('',(-0.35,1.66533453693773E-16,0.951193859402679));
#4074=CARTESIAN_POINT('',(-0.35,0.26798445912664,0.951193859402679));
#4075=CARTESIAN_POINT('',(-0.35,0.26798445912664,0.951193859402679));
#4076=CARTESIAN_POINT('',(-0.35,-0.265925107043528,1.75));
#4077=CARTESIAN_POINT('',(-0.347,-0.265925107043528,1.75));
#4078=CARTESIAN_POINT('',(-0.347,-0.265925107043528,0.951532628719971));
#4079=CARTESIAN_POINT('',(-0.347,-0.265925107043528,0.951193859402679));
#4080=CARTESIAN_POINT('',(-0.347,-0.265925107043528,0.951532628719971));
#4081=CARTESIAN_POINT('',(-0.35,-0.265925107043528,0.951532628719971));
#4082=CARTESIAN_POINT('',(-0.35,-0.265925107043528,1.75));
#4083=CARTESIAN_POINT('',(-0.35,-0.265925107043528,0.951193859402679));
#4084=CARTESIAN_POINT('',(-0.35,-0.265925107043528,0.951193859402679));
#4085=CARTESIAN_POINT('',(-0.35,1.66533453693773E-16,1.75));
#4086=CARTESIAN_POINT('',(-0.35,-0.265925107043528,1.75));
#4087=CARTESIAN_POINT('',(-0.347,-0.265925107043528,1.75));
#4088=CARTESIAN_POINT('',(-0.35,-0.265925107043528,1.75));
#4089=CARTESIAN_POINT('',(-0.347,1.65914919351471E-16,1.75));
#4090=CARTESIAN_POINT('',(-0.347,0.26798445912664,1.75));
#4091=CARTESIAN_POINT('',(-0.35,0.26798445912664,1.75));
#4092=CARTESIAN_POINT('',(-0.35,0.26798445912664,1.75));
#4093=CARTESIAN_POINT('',(-0.35,1.66533453693773E-16,1.75));
#4094=CARTESIAN_POINT('',(-0.35,0.26798445912664,1.75));
#4095=CARTESIAN_POINT('',(-0.347,0.26798445912664,1.75));
#4096=CARTESIAN_POINT('',(-0.35,0.26798445912664,1.75));
#4097=CARTESIAN_POINT('',(-0.35,1.66533453693773E-16,1.75));
#4098=CARTESIAN_POINT('',(-0.35,0.000902079647503717,0.951193859402679));
#4099=CARTESIAN_POINT('',(-0.35,-0.265925107043528,1.75));
#4100=CARTESIAN_POINT('',(-0.347,1.65914919351471E-16,1.75));
#4101=CARTESIAN_POINT('',(-0.347,-0.265925107043528,1.75));
#4102=CARTESIAN_POINT('',(-0.347,0.000902079647503717,0.951193859402679));
#4103=CARTESIAN_POINT('',(0.0284180387069801,-0.647656854249494,1.75));
#4104=CARTESIAN_POINT('',(0.0305393590505398,-0.645535533905934,1.75));
#4105=CARTESIAN_POINT('',(0.0305393590505397,-0.645535533905934,0.952282064877499));
#4106=CARTESIAN_POINT('',(0.0305393590505397,-0.645535533905934,0.951532628719971));
#4107=CARTESIAN_POINT('',(0.0305393590505397,-0.645535533905934,0.952282064877499));
#4108=CARTESIAN_POINT('',(0.0284180387069802,-0.647656854249494,0.952282064877499));
#4109=CARTESIAN_POINT('',(0.0284180387069802,-0.647656854249494,1.75));
#4110=CARTESIAN_POINT('',(0.0284180387069802,-0.647656854249494,0.951532628719971));
#4111=CARTESIAN_POINT('',(0.0284180387069802,-0.647656854249494,0.951532628719971));
#4112=CARTESIAN_POINT('',(-0.159619407771256,-0.459619407771257,1.75));
#4113=CARTESIAN_POINT('',(0.0284180387069801,-0.647656854249494,1.75));
#4114=CARTESIAN_POINT('',(0.0305393590505397,-0.645535533905934,1.75));
#4115=CARTESIAN_POINT('',(0.0284180387069801,-0.647656854249494,1.75));
#4116=CARTESIAN_POINT('',(-0.157498087427697,-0.457498087427697,1.75));
#4117=CARTESIAN_POINT('',(-0.345535533905934,-0.26946064094946,1.75));
#4118=CARTESIAN_POINT('',(-0.347656854249493,-0.27158196129302,1.75));
#4119=CARTESIAN_POINT('',(-0.347656854249493,-0.27158196129302,1.75));
#4120=CARTESIAN_POINT('',(-0.159619407771256,-0.459619407771257,1.75));
#4121=CARTESIAN_POINT('',(-0.159619407771256,-0.459619407771257,1.75));
#4122=CARTESIAN_POINT('',(-0.159619407771256,-0.459619407771257,0.951532628719971));
#4123=CARTESIAN_POINT('',(-0.347656854249493,-0.271581961293019,0.951532628719971));
#4124=CARTESIAN_POINT('',(0.0284180387069802,-0.647656854249494,1.75));
#4125=CARTESIAN_POINT('',(-0.347656854249493,-0.27158196129302,1.75));
#4126=CARTESIAN_POINT('',(-0.157498087427697,-0.457498087427697,1.75));
#4127=CARTESIAN_POINT('',(-0.157498087427697,-0.457498087427697,0.951532628719971));
#4128=CARTESIAN_POINT('',(-0.345535533905934,-0.26946064094946,0.951532628719971));
#4129=CARTESIAN_POINT('',(-0.345535533905934,-0.26946064094946,1.75));
#4130=CARTESIAN_POINT('',(0.0305393590505398,-0.645535533905934,1.75));
#4131=CARTESIAN_POINT('',(0.565925107043527,-0.65,1.75));
#4132=CARTESIAN_POINT('',(0.565925107043527,-0.647,1.75));
#4133=CARTESIAN_POINT('',(0.565925107043527,-0.647,0.952925689151711));
#4134=CARTESIAN_POINT('',(0.565925107043527,-0.647,0.952282064877499));
#4135=CARTESIAN_POINT('',(0.565925107043527,-0.647,0.952925689151711));
#4136=CARTESIAN_POINT('',(0.565925107043527,-0.65,0.952925689151711));
#4137=CARTESIAN_POINT('',(0.565925107043527,-0.65,1.75));
#4138=CARTESIAN_POINT('',(0.565925107043527,-0.65,0.952282064877499));
#4139=CARTESIAN_POINT('',(0.565925107043527,-0.65,0.952282064877499));
#4140=CARTESIAN_POINT('',(0.3,-0.65,1.75));
#4141=CARTESIAN_POINT('',(0.565925107043527,-0.65,1.75));
#4142=CARTESIAN_POINT('',(0.565925107043527,-0.647,1.75));
#4143=CARTESIAN_POINT('',(0.565925107043527,-0.65,1.75));
#4144=CARTESIAN_POINT('',(0.3,-0.647,1.75));
#4145=CARTESIAN_POINT('',(0.0340748929564725,-0.647,1.75));
#4146=CARTESIAN_POINT('',(0.0340748929564725,-0.65,1.75));
#4147=CARTESIAN_POINT('',(0.0340748929564725,-0.65,1.75));
#4148=CARTESIAN_POINT('',(0.3,-0.65,1.75));
#4149=CARTESIAN_POINT('',(0.3,-0.65,1.75));
#4150=CARTESIAN_POINT('',(0.3,-0.65,0.952282064877499));
#4151=CARTESIAN_POINT('',(0.0340748929564723,-0.65,0.952282064877499));
#4152=CARTESIAN_POINT('',(0.565925107043527,-0.65,1.75));
#4153=CARTESIAN_POINT('',(0.0340748929564725,-0.65,1.75));
#4154=CARTESIAN_POINT('',(0.3,-0.647,1.75));
#4155=CARTESIAN_POINT('',(0.3,-0.647,0.952282064877499));
#4156=CARTESIAN_POINT('',(0.0340748929564725,-0.647,0.952282064877499));
#4157=CARTESIAN_POINT('',(0.0340748929564725,-0.647,1.75));
#4158=CARTESIAN_POINT('',(0.565925107043527,-0.647,1.75));
#4159=CARTESIAN_POINT('',(0.949113036072313,-0.2701257794702,1.75));
#4160=CARTESIAN_POINT('',(0.948052375900533,-0.269065119298421,1.11479970868938));
#4161=CARTESIAN_POINT('',(0.946991715728754,-0.26800445912664,1.11479970868938));
#4162=CARTESIAN_POINT('',(0.949113036072313,-0.2701257794702,1.11479970868938));
#4163=CARTESIAN_POINT('',(0.946991715728754,-0.26800445912664,1.75));
#4164=CARTESIAN_POINT('',(0.946991715728754,-0.26800445912664,1.75));
#4165=CARTESIAN_POINT('',(0.949113036072313,-0.2701257794702,1.75));
#4166=CARTESIAN_POINT('',(0.949113036072313,-0.2701257794702,1.75));
#4167=CARTESIAN_POINT('',(0.949113036072313,-0.2701257794702,1.75));
#4168=CARTESIAN_POINT('',(0.759619407771257,-0.459619407771257,1.75));
#4169=CARTESIAN_POINT('',(0.757498087427697,-0.457498087427697,1.75));
#4170=CARTESIAN_POINT('',(0.56946064094946,-0.645535533905934,1.75));
#4171=CARTESIAN_POINT('',(0.57158196129302,-0.647656854249493,1.75));
#4172=CARTESIAN_POINT('',(0.57158196129302,-0.647656854249493,1.75));
#4173=CARTESIAN_POINT('',(0.759619407771257,-0.459619407771257,1.75));
#4174=CARTESIAN_POINT('',(0.759619407771257,-0.459619407771257,0.952925689151711));
#4175=CARTESIAN_POINT('',(0.946434043386248,-0.268562131469146,0.952925689151711));
#4176=CARTESIAN_POINT('',(0.946434043386248,-0.268562131469146,0.952925689151711));
#4177=CARTESIAN_POINT('',(0.948555363729808,-0.270683451812706,0.952925689151711));
#4178=CARTESIAN_POINT('',(0.757498087427697,-0.457498087427697,0.952925689151711));
#4179=CARTESIAN_POINT('',(0.946991715728754,-0.26800445912664,0.952925689151711));
#4180=CARTESIAN_POINT('',(0.949113036072313,-0.2701257794702,0.952925689151711));
#4181=CARTESIAN_POINT('',(0.949113036072313,-0.2701257794702,0.952925689151711));
#4182=CARTESIAN_POINT('',(0.759619407771257,-0.459619407771257,0.952925689151711));
#4183=CARTESIAN_POINT('',(0.949113036072313,-0.2701257794702,1.75));
#4184=CARTESIAN_POINT('',(0.946991715728754,-0.26800445912664,1.75));
#4185=CARTESIAN_POINT('',(0.946991715728754,-0.26800445912664,0.958212777323196));
#4186=CARTESIAN_POINT('',(0.948052375900533,-0.26906511929842,0.958212777323196));
#4187=CARTESIAN_POINT('',(0.949113036072313,-0.2701257794702,0.958212777323196));
#4188=CARTESIAN_POINT('',(0.949113036072313,-0.2701257794702,1.75));
#4189=CARTESIAN_POINT('',(0.949113036072313,-0.2701257794702,0.958212777323196));
#4190=CARTESIAN_POINT('',(0.946991715728754,-0.268004459126641,0.958212777323196));
#4191=CARTESIAN_POINT('',(0.943772853997911,-0.275465961544603,0.955571361448462));
#4192=CARTESIAN_POINT('',(0.941651533654351,-0.273344641201043,0.955571361448462));
#4193=CARTESIAN_POINT('',(0.933343236864492,-0.285895578678021,0.953905427302415));
#4194=CARTESIAN_POINT('',(0.931221916520933,-0.283774258334462,0.953905427302415));
#4195=CARTESIAN_POINT('',(0.920460386244852,-0.298778429297661,0.962575963428976));
#4196=CARTESIAN_POINT('',(0.918339065901293,-0.296657108954102,0.962575963428976));
#4197=CARTESIAN_POINT('',(0.91200095316502,-0.307237862377494,0.981299534957289));
#4198=CARTESIAN_POINT('',(0.90987963282146,-0.305116542033934,0.981299534957289));
#4199=CARTESIAN_POINT('',(0.909054530680234,-0.310184284862279,1.00766319526454));
#4200=CARTESIAN_POINT('',(0.906933210336674,-0.30806296451872,1.00766319526454));
#4201=CARTESIAN_POINT('',(0.91200095316502,-0.307237862377494,1.03826983985511));
#4202=CARTESIAN_POINT('',(0.90987963282146,-0.305116542033934,1.03826983985511));
#4203=CARTESIAN_POINT('',(0.920460386244853,-0.298778429297661,1.06917538521403));
#4204=CARTESIAN_POINT('',(0.918339065901293,-0.296657108954101,1.06917538521403));
#4205=CARTESIAN_POINT('',(0.933343236864493,-0.28589557867802,1.0963978204609));
#4206=CARTESIAN_POINT('',(0.931221916520933,-0.283774258334461,1.0963978204609));
#4207=CARTESIAN_POINT('',(0.943772853997911,-0.275465961544602,1.10975101605836));
#4208=CARTESIAN_POINT('',(0.941651533654352,-0.273344641201043,1.10975101605836));
#4209=CARTESIAN_POINT('',(0.949113036072314,-0.270125779470199,1.11479970868938));
#4210=CARTESIAN_POINT('',(0.946991715728755,-0.26800445912664,1.11479970868938));
#4211=CARTESIAN_POINT('',(0.952663688034369,-0.262332486821025,1.04059019387763));
#4212=CARTESIAN_POINT('',(0.954785008377929,-0.264453807164584,1.04059019387763));
#4213=CARTESIAN_POINT('',(0.759619407771257,-0.459619407771257,1.75));
#4214=CARTESIAN_POINT('',(0.57158196129302,-0.647656854249493,1.75));
#4215=CARTESIAN_POINT('',(0.57158196129302,-0.647656854249493,0.952925689151711));
#4216=CARTESIAN_POINT('',(0.759619407771257,-0.459619407771257,0.952925689151711));
#4217=CARTESIAN_POINT('',(0.757498087427697,-0.457498087427697,1.75));
#4218=CARTESIAN_POINT('',(0.757498087427697,-0.457498087427697,0.952925689151711));
#4219=CARTESIAN_POINT('',(0.56946064094946,-0.645535533905934,0.952925689151711));
#4220=CARTESIAN_POINT('',(0.56946064094946,-0.645535533905934,1.75));
#4221=CARTESIAN_POINT('',(0.942898509480315,-0.265026597563213,0.952925689151711));
#4222=CARTESIAN_POINT('',(0.942898509480315,-0.265026597563213,0.952925689151711));
#4223=CARTESIAN_POINT('',(0.942898509480315,-0.265026597563213,0.952925689151711));
#4224=CARTESIAN_POINT('',(0.565925107043527,-0.642,0.952925689151711));
#4225=CARTESIAN_POINT('',(0.57158196129302,-0.647656854249493,0.952925689151711));
#4226=CARTESIAN_POINT('',(0.565925107043527,-0.642,0.952925689151711));
#4227=CARTESIAN_POINT('',(0.565925107043527,-0.642,0.952925689151711));
#4228=CARTESIAN_POINT('',(0.754411808261921,-0.453513298781607,0.952925689151711));
#4229=CARTESIAN_POINT('',(0.754411808261921,-0.453513298781607,0.952925689151711));
#4230=CARTESIAN_POINT('',(0.565925107043527,-0.642,0.952925689151711));
#4231=CARTESIAN_POINT('',(0.565925107043527,-0.642,0.952925689151711));
#4232=CARTESIAN_POINT('',(0.565925107043527,-0.642,0.952925689151711));
#4233=CARTESIAN_POINT('',(0.565925107043527,-0.642,1.75));
#4234=CARTESIAN_POINT('',(0.565925107043527,-0.642,1.75));
#4235=CARTESIAN_POINT('',(0.565925107043527,-0.642,1.75));
#4236=CARTESIAN_POINT('',(0.565925107043527,-0.642,1.35146284457586));
#4237=CARTESIAN_POINT('',(0.565925107043527,-0.642,1.35146284457586));
#4238=CARTESIAN_POINT('',(0.565925107043527,-0.642,0.952282064877499));
#4239=CARTESIAN_POINT('',(0.565925107043527,-0.642,0.952282064877499));
#4240=CARTESIAN_POINT('',(0.565925107043527,-0.642,0.952282064877499));
#4241=CARTESIAN_POINT('',(0.0340748929564723,-0.642,0.952282064877499));
#4242=CARTESIAN_POINT('',(0.0340748929564725,-0.65,0.952282064877499));
#4243=CARTESIAN_POINT('',(0.0340748929564723,-0.642,0.952282064877499));
#4244=CARTESIAN_POINT('',(0.0340748929564723,-0.642,0.952282064877499));
#4245=CARTESIAN_POINT('',(0.3,-0.642,0.952282064877499));
#4246=CARTESIAN_POINT('',(0.3,-0.642,0.952282064877499));
#4247=CARTESIAN_POINT('',(0.0340748929564725,-0.642,0.952282064877499));
#4248=CARTESIAN_POINT('',(0.0340748929564725,-0.642,0.952282064877499));
#4249=CARTESIAN_POINT('',(0.0340748929564725,-0.642,0.952282064877499));
#4250=CARTESIAN_POINT('',(0.0340748929564725,-0.642,1.75));
#4251=CARTESIAN_POINT('',(0.0340748929564725,-0.642,1.75));
#4252=CARTESIAN_POINT('',(0.0340748929564725,-0.642,1.75));
#4253=CARTESIAN_POINT('',(0.0340748929564725,-0.642,1.35114103243875));
#4254=CARTESIAN_POINT('',(0.0340748929564725,-0.642,1.35114103243875));
#4255=CARTESIAN_POINT('',(0.0340748929564724,-0.642,0.951532628719971));
#4256=CARTESIAN_POINT('',(0.0340748929564724,-0.642,0.951532628719971));
#4257=CARTESIAN_POINT('',(0.0340748929564725,-0.642,0.951532628719971));
#4258=CARTESIAN_POINT('',(-0.342,-0.265925107043528,0.951532628719971));
#4259=CARTESIAN_POINT('',(-0.347656854249493,-0.27158196129302,0.951532628719971));
#4260=CARTESIAN_POINT('',(-0.342,-0.265925107043528,0.951532628719971));
#4261=CARTESIAN_POINT('',(-0.342,-0.265925107043528,0.951532628719971));
#4262=CARTESIAN_POINT('',(-0.153962553521764,-0.453962553521764,0.951532628719971));
#4263=CARTESIAN_POINT('',(-0.153962553521764,-0.453962553521764,0.951532628719971));
#4264=CARTESIAN_POINT('',(-0.342,-0.265925107043528,0.951532628719971));
#4265=CARTESIAN_POINT('',(-0.342,-0.265925107043528,0.951532628719971));
#4266=CARTESIAN_POINT('',(-0.342,-0.265925107043528,0.951532628719971));
#4267=CARTESIAN_POINT('',(-0.342,-0.265925107043528,1.75));
#4268=CARTESIAN_POINT('',(-0.342,-0.265925107043528,1.75));
#4269=CARTESIAN_POINT('',(-0.342,-0.265925107043528,1.75));
#4270=CARTESIAN_POINT('',(-0.342,-0.265925107043528,1.35076631435999));
#4271=CARTESIAN_POINT('',(-0.342,-0.265925107043528,1.35076631435999));
#4272=CARTESIAN_POINT('',(-0.342,-0.265925107043528,0.951193859402679));
#4273=CARTESIAN_POINT('',(-0.342,-0.265925107043528,0.951193859402679));
#4274=CARTESIAN_POINT('',(-0.342,-0.265925107043528,0.951193859402679));
#4275=CARTESIAN_POINT('',(-0.342,0.267729266338535,0.951193859402679));
#4276=CARTESIAN_POINT('',(-0.342,0.267729266338535,0.951193859402679));
#4277=CARTESIAN_POINT('',(-0.342,0.267729266338535,0.951193859402679));
#4278=CARTESIAN_POINT('',(-0.342,0.000902079647503717,0.951193859402679));
#4279=CARTESIAN_POINT('',(-0.342,0.000902079647503717,0.951193859402679));
#4280=MECHANICAL_DESIGN_GEOMETRIC_PRESENTATION_REPRESENTATION('',(#2545),
#4283);
#4281=MECHANICAL_DESIGN_GEOMETRIC_PRESENTATION_REPRESENTATION('',(#2546),
#4284);
#4282=MECHANICAL_DESIGN_GEOMETRIC_PRESENTATION_REPRESENTATION('',(#2547),
#4285);
#4283=(
GEOMETRIC_REPRESENTATION_CONTEXT(3)
GLOBAL_UNCERTAINTY_ASSIGNED_CONTEXT((#4286))
GLOBAL_UNIT_ASSIGNED_CONTEXT((#4295,#4292,#4289))
REPRESENTATION_CONTEXT('Part 4','TOP_LEVEL_ASSEMBLY_PART')
);
#4284=(
GEOMETRIC_REPRESENTATION_CONTEXT(3)
GLOBAL_UNCERTAINTY_ASSIGNED_CONTEXT((#4287))
GLOBAL_UNIT_ASSIGNED_CONTEXT((#4296,#4293,#4290))
REPRESENTATION_CONTEXT('Part 2','TOP_LEVEL_ASSEMBLY_PART')
);
#4285=(
GEOMETRIC_REPRESENTATION_CONTEXT(3)
GLOBAL_UNCERTAINTY_ASSIGNED_CONTEXT((#4288))
GLOBAL_UNIT_ASSIGNED_CONTEXT((#4297,#4294,#4291))
REPRESENTATION_CONTEXT('Part 3','TOP_LEVEL_ASSEMBLY_PART')
);
#4286=UNCERTAINTY_MEASURE_WITH_UNIT(LENGTH_MEASURE(1.E-8),#4295,
'DISTANCE_ACCURACY_VALUE','Maximum Tolerance applied to model');
#4287=UNCERTAINTY_MEASURE_WITH_UNIT(LENGTH_MEASURE(2.E-5),#4296,
'DISTANCE_ACCURACY_VALUE','Maximum Tolerance applied to model');
#4288=UNCERTAINTY_MEASURE_WITH_UNIT(LENGTH_MEASURE(2.E-5),#4297,
'DISTANCE_ACCURACY_VALUE','Maximum Tolerance applied to model');
#4289=(
NAMED_UNIT(*)
SI_UNIT($,.STERADIAN.)
SOLID_ANGLE_UNIT()
);
#4290=(
NAMED_UNIT(*)
SI_UNIT($,.STERADIAN.)
SOLID_ANGLE_UNIT()
);
#4291=(
NAMED_UNIT(*)
SI_UNIT($,.STERADIAN.)
SOLID_ANGLE_UNIT()
);
#4292=(
NAMED_UNIT(*)
PLANE_ANGLE_UNIT()
SI_UNIT($,.RADIAN.)
);
#4293=(
NAMED_UNIT(*)
PLANE_ANGLE_UNIT()
SI_UNIT($,.RADIAN.)
);
#4294=(
NAMED_UNIT(*)
PLANE_ANGLE_UNIT()
SI_UNIT($,.RADIAN.)
);
#4295=(
LENGTH_UNIT()
NAMED_UNIT(*)
SI_UNIT($,.METRE.)
);
#4296=(
LENGTH_UNIT()
NAMED_UNIT(*)
SI_UNIT($,.METRE.)
);
#4297=(
LENGTH_UNIT()
NAMED_UNIT(*)
SI_UNIT($,.METRE.)
);
#4298=PRODUCT_DEFINITION_SHAPE('','',#4301);
#4299=PRODUCT_DEFINITION_SHAPE('','',#4302);
#4300=PRODUCT_DEFINITION_SHAPE('','',#4303);
#4301=PRODUCT_DEFINITION('','',#4307,#4304);
#4302=PRODUCT_DEFINITION('','',#4308,#4305);
#4303=PRODUCT_DEFINITION('','',#4309,#4306);
#4304=PRODUCT_DEFINITION_CONTEXT('',#4325,'design');
#4305=PRODUCT_DEFINITION_CONTEXT('',#4326,'design');
#4306=PRODUCT_DEFINITION_CONTEXT('',#4327,'design');
#4307=PRODUCT_DEFINITION_FORMATION_WITH_SPECIFIED_SOURCE('','',#4313,
 .NOT_KNOWN.);
#4308=PRODUCT_DEFINITION_FORMATION_WITH_SPECIFIED_SOURCE('','',#4314,
 .NOT_KNOWN.);
#4309=PRODUCT_DEFINITION_FORMATION_WITH_SPECIFIED_SOURCE('','',#4315,
 .NOT_KNOWN.);
#4310=PRODUCT_RELATED_PRODUCT_CATEGORY('','',(#4313));
#4311=PRODUCT_RELATED_PRODUCT_CATEGORY('','',(#4314));
#4312=PRODUCT_RELATED_PRODUCT_CATEGORY('','',(#4315));
#4313=PRODUCT('Part 4','Part 4','Part 4',(#4319));
#4314=PRODUCT('Part 2','Part 2','Part 2',(#4320));
#4315=PRODUCT('Part 3','Part 3','Part 3',(#4321));
#4316=PRODUCT_CATEGORY('','');
#4317=PRODUCT_CATEGORY('','');
#4318=PRODUCT_CATEGORY('','');
#4319=PRODUCT_CONTEXT('',#4325,'mechanical');
#4320=PRODUCT_CONTEXT('',#4326,'mechanical');
#4321=PRODUCT_CONTEXT('',#4327,'mechanical');
#4322=APPLICATION_PROTOCOL_DEFINITION('international standard',
'ap242_managed_model_based_3d_engineering',2020,#4325);
#4323=APPLICATION_PROTOCOL_DEFINITION('international standard',
'ap242_managed_model_based_3d_engineering',2020,#4326);
#4324=APPLICATION_PROTOCOL_DEFINITION('international standard',
'ap242_managed_model_based_3d_engineering',2020,#4327);
#4325=APPLICATION_CONTEXT('managed model based 3d engineering');
#4326=APPLICATION_CONTEXT('managed model based 3d engineering');
#4327=APPLICATION_CONTEXT('managed model based 3d engineering');
ENDSEC;
END-ISO-10303-21;
